Ticker,PER,Forward_PER,PBR,PSR,EV_EBITDA,ROE,Profit_Margin,Oper_Margin,Rev_Growth,EPS_Growth,Sector
A,30.598469,21.360334,5.87172,5.705712,21.155,0.20618999,0.18754,0.26384002,0.094,0.245,Healthcare
AAPL,33.44294,27.250166,49.919834,8.8464,25.679,1.7142199,0.26915002,0.31647,0.079,0.912,Technology
ABBV,165.5606,15.372851,-146.1806,6.475827,15.083,1.37961,0.04004,0.35497,0.091,-0.887,Healthcare
ABNB,32.47613,28.214176,9.609138,6.9756308,25.931,0.30776,0.2203,0.39683,0.097,0.038,Consumer Cyclical
ABT,14.01005,17.85514,3.8057537,4.427069,18.344,0.3062,0.3188,0.19395,0.069,0.0,Healthcare
ACGL,8.605435,9.790009,1.4673122,1.7535225,6.665,0.17811,0.20959,0.30691,0.082,0.391,Financial Services
ACN,23.731403,19.283564,5.724453,2.517801,13.833,0.25016,0.107609995,0.16974,0.06,-0.016,Technology
ADBE,17.990425,11.39518,10.681874,5.294271,13.075,0.55426,0.29997,0.36503,0.105,0.172,Technology
ADI,67.74835,27.165157,4.483203,13.757335,30.963,0.06573,0.20575,0.30501,0.259,0.661,Technology
ADM,27.454472,15.918825,1.4411796,0.3900532,16.183,0.05242,0.01429,0.01949,0.022,4.891,Consumer Defensive
ADP,25.57157,21.71961,16.455343,5.0199676,17.416,0.70572996,0.19788,0.25891,0.071,0.064,Technology
ADSK,51.33398,22.766827,19.373442,8.175204,31.051,0.40333998,0.16129999,0.25688,0.18,0.26,Technology
AEE,19.823078,19.235003,2.1817722,3.2290235,13.65,0.11387,0.1634,0.34,0.248,0.382,Utilities
AEP,17.215227,18.612705,2.0704713,2.9607437,12.718,0.12923001,0.17228001,0.25885,0.109,0.006,Utilities
AES,9.51625,6.2560062,2.6653216,0.8517129,14.642,0.05106,0.0874,0.20501,0.019,0.253,Utilities
AFL,14.21682,14.779348,1.9825913,3.2689354,11.593,0.1558,0.23552,0.4327,0.607,,Financial Services
AIG,12.931655,9.162854,0.95287323,1.4687638,4.457,0.07688,0.120170005,0.15235,-0.041,0.323,Financial Services
AIZ,14.372944,11.317029,2.056016,0.94690067,8.562,0.15413,0.06753,0.11153,0.089,1.027,Financial Services
AJG,39.7008,18.678215,2.7458642,5.275531,22.248,0.090670004,0.13257,0.17212,0.2,-0.252,Financial Services
AKAM,28.439882,13.21963,2.9464664,3.3756034,14.991,0.10642,0.12262999,0.15743,0.05,1.553,Technology
ALB,,91.40951,2.8078794,4.405792,36.639,0.00209,-0.00428,-0.02244,-0.035,,Basic Materials
ALGN,33.249516,15.597836,3.1292095,3.128694,13.948,0.095769994,0.095010005,0.15673,0.018,-0.497,Healthcare
ALL,6.3070064,7.991306,1.9975038,0.76649755,5.075,0.34469002,0.12533,0.24439,0.038,2.222,Financial Services
ALLE,22.46554,18.76168,7.347195,3.593834,16.876,0.36411,0.16092,0.21856001,0.107,0.095,Industrials
AMAT,37.134106,27.090988,12.477082,9.020358,28.658,0.35508,0.24669,0.28441,-0.035,0.133,Technology
AMCR,28.387419,7.1442623,1.6862044,1.1372663,13.839,0.07467,0.03345,0.09713,0.713,-0.144,Consumer Cyclical
AMD,132.63422,38.358387,6.748929,12.810273,66.619,0.05317,0.10323,0.13736,0.356,0.603,Technology
AME,35.03937,27.82596,4.865728,7.172713,23.4,0.14632,0.20502001,0.25787002,0.108,0.088,Industrials
AMGN,27.048374,15.848997,19.563622,5.2314405,13.965,0.8171,0.19474001,0.34153,0.124,0.136,Healthcare
AMP,14.0307255,12.271079,7.362219,2.5985277,,0.59589,0.19586,0.37298,0.073,0.866,Financial Services
AMT,28.591707,25.804642,21.238005,8.02925,19.809,0.28839,0.28106,0.45477,0.077,,Real Estate
AMZN,33.128532,29.84393,6.7814493,3.6269076,18.175,0.24327,0.11063,0.11057,0.134,0.364,Consumer Cyclical
ANET,53.37262,41.778152,14.8445425,20.92313,40.91,0.31736,0.3973,0.42378,0.275,0.155,Technology
AON,26.668264,17.536085,9.043398,4.2246504,16.243,0.3769,0.15962,0.20365,0.074,0.344,Financial Services
AOS,19.73585,18.150225,5.5272894,2.6788566,12.888,0.28209,0.13851,0.18631001,0.044,0.146,Industrials
APA,6.107656,10.711139,1.52218,0.9742202,2.474,0.27427998,0.16093999,0.27281,-0.164,,Energy
APD,,19.242554,3.9403121,4.918366,103.049,-0.01923,-0.03277,-0.89169,-0.006,-0.998,Basic Materials
APH,49.975697,34.148067,14.652764,8.750046,31.917,0.34807998,0.18218,0.27481002,0.534,1.021,Technology
APO,20.472303,15.307196,3.749466,2.9949868,,0.16549,0.15777001,0.29920998,0.264,1.153,Financial Services
APP,61.027157,37.072422,118.71842,27.719824,46.457,2.41886,0.44879,0.76795,0.682,0.959,Communication Services
APTV,60.916668,9.470463,1.875977,0.86889964,7.532,0.03294,0.01464,0.114350006,0.074,,Consumer Cyclical
ARE,,-739.1875,0.60537654,3.3009434,14.273,-0.01084,-0.13436,0.19073,-0.05,,Real Estate
ARES,68.464134,24.742714,11.86458,9.926205,39.787,0.17087999,0.12145001,0.24098,0.467,1.088,Financial Services
ATO,22.014744,18.813349,1.9569829,5.648577,15.642,0.09323,0.2549,0.30696,0.121,0.256,Utilities
AVB,21.730488,34.766407,2.1109307,8.276085,18.357,0.09754,0.38122,0.2928,0.044,0.024,Real Estate
AVGO,69.291405,23.31135,5.581128,24.529022,4.7,0.31048,0.36198002,0.31765,0.164,1.881,Technology
AVY,21.160612,17.836863,6.5384755,1.643078,12.232,0.30211002,0.07932,0.12687999,0.015,-0.053,Consumer Cyclical
AWK,23.150528,21.548254,2.3524096,5.0620947,14.738,0.10457,0.21933001,0.42591,0.097,0.081,Utilities
AXON,188.86119,79.42135,15.599416,18.592297,671.49,0.10028,0.100509994,-0.00229,0.306,,Industrials
AXP,24.588985,21.05385,7.781887,3.9020948,,0.33935001,0.16143999,0.22052999,0.122,0.186,Financial Services
AZO,25.43752,20.878658,-18.758978,3.1491215,17.445,,0.12776,0.16941999,0.082,-0.046,Consumer Cyclical
BA,,108.66075,-23.352962,2.4610062,-36.319,,-0.12197,-0.204,0.304,,Industrials
BAC,13.863517,10.65609,1.3740537,3.5906782,,0.1019,0.28401,0.35559,0.132,0.209,Financial Services
BALL,21.988327,14.222578,2.7983558,1.2115278,11.118,0.117469996,0.05357,0.11542,0.096,0.811,Consumer Cyclical
BAX,,8.912433,1.4348073,0.9427233,8.723,-0.04658,-0.030940002,0.10123,0.05,,Healthcare
BBY,22.056107,9.914003,5.290113,0.3357099,6.506,0.22493,0.015420001,0.039809998,0.024,-0.476,Consumer Cyclical
BDX,35.63769,13.038284,2.3274543,2.7059221,12.571,0.06544,0.07683,0.17858,0.083,0.252,Healthcare
BEN,28.351646,9.190718,1.1128364,1.5337292,9.202,0.03818,0.05985,0.17558001,0.06,,Financial Services
BF.B,16.45029,16.268766,3.1929624,3.3504968,13.034,0.20666,0.20828,0.2944,-0.054,-0.139,Consumer Defensive
BG,12.688063,12.601499,1.38203,0.36244133,18.142,0.09758,0.02201,0.02194,0.716,-0.46,Consumer Defensive
BIIB,15.934306,11.548622,1.4070935,2.5452354,8.199,0.09307,0.1598,0.30718002,0.028,0.192,Healthcare
BK,16.295269,12.902546,2.102249,4.181078,,0.12898,0.2759,0.36638,0.078,0.308,Financial Services
BKNG,33.66786,19.473974,-35.340733,6.448384,17.078,,0.19371,0.44904998,0.127,0.135,Consumer Cyclical
BKR,18.489655,21.077623,2.9130223,1.9093794,12.008,0.1689,0.104329996,0.13524,0.015,-0.208,Energy
BLDR,24.151514,20.202019,3.266226,0.9008615,11.745,0.13555999,0.03795,0.05805,-0.069,-0.549,Industrials
BLK,32.470398,18.484539,3.2025845,7.3436875,20.312,0.10686,0.22930999,0.29252002,0.234,-0.327,Financial Services
BMY,18.59367,9.235205,6.0604916,2.3404422,7.573,0.33777002,0.12572,0.31566,0.028,0.809,Healthcare
BR,26.858696,20.449263,9.301816,3.4748106,15.676,0.38215,0.13112001,0.118719995,0.117,1.059,Technology
BRK.B,15.435381,19.946005,0.0009943036,2.7972517,-2.421,0.1017,0.18129,0.41103,0.021,0.172,Financial Services
BRO,23.678787,16.88681,2.126027,4.9866576,18.069,0.10695,0.18691999,0.27355,0.342,-0.161,Financial Services
BSX,49.19786,26.498535,5.8294263,7.0514145,28.981,0.12488,0.1443,0.20731,0.203,0.6,Healthcare
BX,44.91092,24.345753,14.5765705,14.992866,,0.26457,0.2117,0.44629002,-0.196,-0.214,Financial Services
BXP,,32.890015,2.1327188,3.4767017,15.474,-0.01883,-0.058509998,0.28563,0.018,,Real Estate
C,16.414879,9.549729,1.0430056,2.7114532,,0.06831,0.18893999,0.21562,0.037,-0.108,Financial Services
CAG,,9.694993,1.0385503,0.74792475,8.749,-0.0116,-0.008719999,0.11413,-0.068,,Consumer Defensive
CAH,31.502262,18.672972,-17.265438,0.21178824,15.27,,0.00681,0.01205,0.224,0.106,Healthcare
CARR,36.040123,19.903835,3.35413,2.2247508,16.404,0.0998,0.18052,0.09554,-0.068,0.005,Industrials
CAT,33.05772,28.59039,14.595632,4.6672945,24.139,0.46283,0.14339,0.17746,0.095,-0.036,Industrials
CB,12.548872,11.416551,1.6486393,2.035528,11.164,0.1364,0.16442,0.25623,0.091,0.226,Financial Services
CBOE,29.555315,24.736374,5.89397,6.235433,19.154,0.21621001,0.21287,0.32846,0.081,0.377,Financial Services
CBRE,42.298267,23.173487,5.868505,1.2931769,22.153,0.14091,0.031229999,0.04923,0.135,0.658,Real Estate
CCI,,26.533766,-25.571068,5.952897,17.414,-2.06679,-0.71931,0.49254,-0.043,0.066,Real Estate
CCL,14.245049,10.174891,3.073267,1.4186902,8.726,0.25632998,0.10366999,0.115959994,0.066,0.343,Consumer Cyclical
CDNS,81.12211,39.186165,16.521727,16.496159,45.136,0.21736,0.20354,0.35089,0.101,0.207,Technology
CDW,16.329962,12.292059,6.6271615,0.7660546,11.29,0.43007,0.04757,0.07953,0.04,-0.056,Technology
CEG,33.158466,24.87321,6.3065524,4.22662,16.367,0.19839,0.11026,0.16332,0.003,-0.223,Utilities
CF,10.79081,11.898746,2.9020195,2.145853,6.174,0.21967,0.20472,0.33936,0.211,0.416,Basic Materials
CFG,16.878239,10.417184,1.5468079,3.6629174,,0.07241,0.23969,0.33515,0.107,0.088,Financial Services
CHD,29.523657,25.118898,5.3209386,3.7126424,18.14,0.18594,0.12742,0.16057,0.05,,Consumer Defensive
CHRW,36.41582,29.980677,11.448157,1.2850314,25.893,0.34318,0.03636,0.05578,-0.109,0.675,Industrials
CHTR,5.364014,4.560356,1.6322054,0.47963893,5.683,0.31327,0.092939995,0.23858999,-0.009,-0.054,Communication Services
CI,12.295796,9.121924,1.7721354,0.276899,8.65,0.15538,0.02293,0.04,0.095,1.654,Healthcare
CINF,11.930059,18.781244,1.6235976,2.0759556,8.715,0.14529,0.17569,0.38272,0.122,0.367,Financial Services
CL,23.767508,22.09106,79.896416,3.412327,15.716,2.93635,0.1447,0.2023,0.019,0.011,Consumer Defensive
CLX,17.780613,16.798244,-625.75964,2.0404375,13.515,4.43646,0.11682,0.08328,-0.189,-0.187,Consumer Defensive
CMCSA,4.8687706,7.6197357,1.1033314,0.93678206,5.142,0.24186,0.18333,0.17735,-0.027,-0.042,Communication Services
CME,27.098742,23.909332,3.573316,15.761184,22.659,0.13346,0.58946997,0.63386,-0.03,-0.004,Financial Services
CMG,36.25283,33.617847,16.85831,4.660085,24.526,0.44958,0.13036,0.16134001,0.075,0.022,Consumer Cyclical
CMI,30.248053,22.276653,6.6693363,2.395955,16.507,0.22767,0.079450004,0.12132,-0.016,-0.341,Industrials
CMS,20.540346,18.486673,2.5103018,2.6148756,13.477,0.11233,0.12622,0.26174998,0.16,0.092,Utilities
CNC,,15.100335,1.0591631,0.13234757,5.305,-0.2186,-0.03155,0.0054699997,0.215,,Healthcare
CNP,24.860758,20.587864,2.323985,2.813766,13.832,0.09606,0.11367,0.2495,0.071,0.506,Utilities
COF,80.608246,11.34814,1.3756077,5.193228,,0.01615,0.04899,0.38719,0.679,0.095,Financial Services
COIN,19.519447,33.965397,3.7877364,8.262676,24.674,0.26005,0.43664002,0.25254,0.589,4.306,Financial Services
COO,44.742035,16.884092,1.989386,4.0645747,17.714,0.045939997,0.09161,0.13539,0.046,-0.282,Healthcare
COP,13.6285305,17.990286,1.8365403,1.966554,5.4,0.15421,0.14445,0.19543,0.14,-0.216,Energy
COR,44.310066,18.069033,45.30157,0.21266769,15.286,1.23751,0.00484,0.0114400005,0.059,,Healthcare
COST,52.163902,43.843834,14.267089,1.5420268,32.552,0.30325,0.02961,0.03659,0.083,0.114,Consumer Defensive
CPAY,21.907547,13.052132,5.5381603,5.27422,12.611,0.29097,0.24365999,0.44617,0.139,0.003,Technology
CPB,13.770618,10.222316,2.0118232,0.78407717,8.153,0.14815,0.056900002,0.14232,-0.034,-0.097,Consumer Defensive
CPRT,25.40184,22.970364,4.1747327,8.609968,17.606,0.18124,0.34243,0.37289003,0.007,0.108,Industrials
CPT,43.81984,86.78518,2.5869403,7.32704,17.169,0.059310004,0.1705,0.15994,0.021,,Real Estate
CRH,24.51896,20.220509,3.5335402,2.2256863,13.556,0.14487,0.092980005,0.17996,0.053,0.122,Basic Materials
CRL,,20.538754,3.2512465,2.7516947,15.403,-0.021879999,-0.020450002,0.15035,-0.005,-0.173,Healthcare
CRM,30.07944,17.17858,3.5358696,5.3198605,17.62,0.12184,0.17913,0.23862,0.086,0.386,Technology
CRWD,,92.41969,28.036276,24.669395,-1156.049,-0.088149995,-0.06882,-0.05589,0.222,,Technology
CSCO,28.698843,16.615662,6.2446446,5.090212,19.46,0.22418,0.17902,0.23604,0.075,0.06,Technology
CSGP,1094.5834,49.365597,3.2282248,9.106679,168.921,0.00252,0.00664,-0.061300002,0.204,,Real Estate
CSX,23.827923,19.54544,5.3577166,4.8438463,13.34,0.22589001,0.20548001,0.35071,-0.009,-0.196,Industrials
CTAS,42.29718,36.05331,17.500448,7.2589655,28.494,0.43396,0.17584999,0.23417999,0.093,0.11,Industrials
CTRA,12.5393505,12.121225,1.4059904,3.100757,5.535,0.118549995,0.24691999,0.28043,0.349,0.235,Energy
CTSH,19.682869,15.102698,2.7568653,1.9910969,10.422,0.14501001,0.10203,0.15993,0.074,-0.521,Technology
CTVA,29.09919,19.643614,1.9287535,2.7941105,13.389,0.06705,0.09187999,-0.10313,0.126,,Basic Materials
CVNA,106.73016,63.283596,29.15691,5.5866113,34.087,0.6815,0.03444,0.09793,0.545,0.609,Consumer Cyclical
CVS,215.69736,11.434626,1.4273648,0.26564127,11.804,0.0057800002,0.0011999999,0.022650002,0.078,,Healthcare
CVX,23.467606,23.240534,1.767214,1.7791882,9.959,0.07316,0.06767,0.098529994,-0.014,-0.266,Energy
D,19.826797,16.848425,1.9405085,3.2762232,13.703,0.09204,0.16790001,0.34504002,0.149,0.062,Utilities
DAL,9.238903,8.4752865,2.2131531,0.7292811,7.505,0.2777,0.078990005,0.09186,0.029,0.444,Industrials
DASH,106.33585,34.440258,9.555026,7.186606,86.209,0.100430004,0.0683,0.08009,0.273,0.459,Consumer Cyclical
DAY,,25.406652,4.11026,5.851381,104.554,-0.05706,-0.07912,-0.25831,0.095,,Technology
DD,25.812138,20.698526,0.8170042,1.4567735,7.905,0.03217,-0.060110003,0.17773001,0.073,,Basic Materials
DDOG,424.53223,56.301125,13.414024,14.369384,6495.227,0.03519,0.033239998,-0.00656,0.284,-0.337,Technology
DE,28.455627,23.874403,5.478507,3.1241171,23.33,0.20427999,0.11017,0.12385,0.126,-0.137,Industrials
DECK,15.181277,14.886078,6.0527253,2.890028,10.513,0.43312,0.19364001,0.2282,0.091,0.144,Consumer Cyclical
DELL,15.889037,10.342876,-30.257128,0.76523477,9.29,,0.05005,0.082729995,0.108,0.39,Technology
DG,25.362455,20.642271,3.9417856,0.7661471,15.141,0.16450001,0.03033,0.03999,0.046,0.438,Consumer Defensive
DGX,21.753819,17.828165,2.8312201,1.9079553,12.427,0.14353,0.08931,0.14915,0.132,0.085,Healthcare
DHI,14.621474,12.800077,1.945376,1.3950061,11.091,0.13477,0.09948,0.110240005,-0.095,-0.222,Consumer Cyclical
DHR,49.503082,28.625166,3.334071,7.113307,24.592,0.06843,0.14435,0.2075,0.044,0.134,Healthcare
DIS,16.640146,15.54471,1.8580977,2.1703732,12.696,0.12203,0.13136,0.11868,-0.005,1.873,Communication Services
DLR,41.382126,44.29074,2.4579532,9.563382,27.712,0.05825,0.23959999,0.13333,0.111,0.603,Real Estate
DLTR,24.033142,18.912481,7.3502665,1.3650459,15.656,0.20066999,-0.15397,0.06725,0.094,0.106,Consumer Defensive
DOC,,71.5,1.6351079,4.434771,14.846,-0.00115,-0.01359,0.18601999,0.008,,Real Estate
DOV,27.354628,19.742456,3.7552576,3.631808,17.063,0.15883,0.28370002,0.1869,0.048,-0.126,Industrials
DOW,,-103.514496,1.1684022,0.5009405,10.323,-0.05287,-0.02769,0.01905,-0.083,-0.733,Basic Materials
DPZ,23.703096,20.74271,-3.592842,2.8399024,19.736,,0.12159,0.18064,0.031,0.301,Consumer Cyclical
DRI,21.920336,18.365334,11.590091,1.9340463,16.097,0.54104,0.08924,0.10393,0.073,0.118,Consumer Cyclical
DTE,20.456215,17.681307,2.3342187,1.9146786,14.951,0.11658,0.093439996,0.18968001,0.214,-0.124,Utilities
DUK,18.672441,17.707932,1.827077,2.9519558,11.53,0.09905,0.15972,0.27125,0.048,0.127,Utilities
DVA,11.282766,8.583694,-13.569567,0.5869587,8.043,0.61618,0.05796,0.14832,0.048,-0.184,Healthcare
DVN,8.766509,10.036803,1.523111,1.4253663,4.053,0.18586999,0.16424999,0.24194999,0.071,-0.162,Energy
DXCM,42.016613,30.501705,10.819728,6.5676084,26.786,0.30635,0.15958999,0.20053,0.216,1.099,Healthcare
EA,59.188404,22.054028,8.486057,7.007639,33.092,0.13201,0.121429995,0.10875,-0.092,-0.514,Communication Services
EBAY,20.710642,15.962437,8.986434,3.9841406,16.688,0.42430001,0.20366,0.21418,0.095,0.054,Consumer Cyclical
ECL,40.497837,33.16275,11.9812,5.0165,22.49,0.21869,0.12489,0.14715,0.178,,Basic Materials
ED,18.017483,17.119373,1.5394267,2.24179,10.755,0.08839,0.122700006,0.25342,0.107,0.124,Utilities
EFX,40.479244,24.528893,5.326084,4.447153,16.541,0.13066,0.1108,0.19950001,0.072,0.142,Industrials
EG,23.909159,5.8210077,0.8771522,0.7625249,,0.03595,0.031229999,0.07728,-0.009,-0.484,Financial Services
EIX,8.0308,9.95956,1.5201697,1.3036658,9.103,0.15765001,0.16315001,0.32557,0.106,0.636,Utilities
EL,,40.65409,11.072487,2.981653,23.976,-0.20727,-0.064380005,0.072680004,0.036,,Consumer Defensive
ELV,14.956363,13.671381,1.8526022,0.42387664,8.765,0.12569,0.028399998,0.034649998,0.123,0.22,Healthcare
EME,28.096775,25.12349,9.35189,1.9203496,18.426,0.37088,0.06959,0.09433,0.164,0.133,Industrials
EMR,37.303486,21.075089,4.161164,4.680441,19.099,0.09363,0.12728,0.20721,0.051,-0.353,Industrials
EOG,10.545184,10.816487,1.9067029,2.559329,5.376,0.18476999,0.24410999,0.33223,-0.024,-0.085,Energy
EPAM,33.321648,17.508434,3.2389462,2.298058,15.353,0.10207,0.070149995,0.10682,0.194,-0.194,Technology
EQIX,73.02386,52.1903,5.520446,8.610864,24.88,0.077,0.118,0.21851999,0.066,0.229,Real Estate
EQR,20.216415,42.442127,2.1131172,7.8560724,17.248,0.10444,0.37583,0.28955,0.046,1.009,Real Estate
EQT,17.957655,13.384415,1.486064,4.463045,8.797,0.08488,0.23097,0.34897,0.514,,Energy
ERIE,22.746569,20.116344,6.3827424,3.6474423,17.299,0.30444,0.16038,0.20115,0.067,0.144,Financial Services
ES,19.59116,14.262386,1.659685,2.023679,12.323,0.0861,0.102189995,0.22489001,0.051,,Utilities
ESS,19.546423,42.72961,2.9374294,9.255201,18.977,0.15987,0.44167,0.33777002,0.062,0.389,Real Estate
ETN,33.333,24.626642,6.8708,4.8723526,23.219,0.20653,0.14741,0.19791001,0.101,0.024,Industrials
ETR,23.257391,21.470133,2.5309587,3.312628,12.71,0.11188,0.1421,0.30055,0.125,0.02,Utilities
EVRG,20.923288,17.807594,1.7086542,2.9906538,11.973,0.08454,0.1445,0.36201,-0.001,0.005,Utilities
EW,37.517544,29.131802,4.867418,8.535391,25.904,0.13492,0.23249,0.27371,0.147,-0.903,Healthcare
EXC,15.983871,15.740819,1.6025803,1.8522179,11.687,0.10308,0.116009995,0.22177,0.09,0.229,Utilities
EXE,35.231514,12.54155,1.4377002,2.4210274,6.742,0.061189998,0.08043,0.29054,3.193,,Energy
EXPD,26.64658,27.322979,9.6150675,1.9883045,18.225,0.36505002,0.07571,0.0995,-0.035,0.006,Industrials
EXPE,27.164417,15.680717,25.92206,2.4251957,15.994,0.53886,0.096590005,0.25566998,0.087,0.454,Consumer Cyclical
EXR,32.504486,30.457546,2.259543,9.388023,20.037,0.06786,0.27735,0.46325,0.034,-0.142,Real Estate
F,11.804274,8.931296,1.1611737,0.29026052,19.222,0.10295,0.024820002,0.03146,0.094,1.727,Consumer Cyclical
FANG,10.582802,14.52317,1.1060159,2.9827223,6.275,0.10901,0.28689,0.36628,0.42,0.1,Energy
FAST,40.701836,33.252388,12.915576,6.2110324,28.001,0.33291,0.15345,0.18955,0.111,0.138,Industrials
FCX,41.258743,18.973867,4.531142,3.2582076,10.843,0.14538999,0.07969,0.28055,0.027,0.278,Basic Materials
FDS,18.249523,15.085393,4.92544,4.5445366,12.812,0.28831,0.25399,0.32629,0.068,0.044,Financial Services
FDX,17.174227,14.6142025,2.5930936,0.8132322,,0.15886,0.04814,0.0764,0.139,-0.133,Industrials
FE,20.41739,17.27671,2.1196117,1.899263,12.087,0.11192001,0.09312,0.20636,0.112,0.045,Utilities
FFIV,22.328203,16.151268,4.2275496,4.9519777,15.966,0.20602,0.22421,0.27135,0.085,0.164,Technology
FICO,58.58434,30.043755,-21.18073,18.760494,41.404,,0.32747,0.48099998,0.136,0.179,Technology
FIS,191.82812,9.799961,2.2988055,3.0644314,14.039,0.011829999,0.0146200005,0.2385,0.057,0.22,Technology
FISV,10.394127,8.155272,1.4375802,,,,,,,,Financials
FITB,14.917847,10.614047,1.7449219,4.167407,,0.121929996,0.30186,0.41063,0.115,0.208,Financial Services
FIX,47.096405,36.18012,17.551409,4.721345,31.914,0.43842,0.10063,0.15434,0.352,1.017,Industrials
FOX,14.725843,13.014895,2.3873365,1.8731885,9.077,0.17272,0.12353,0.26323998,0.049,-0.258,Communication Services
FOXA,16.392136,14.399986,2.6574738,1.9657279,9.978,0.17272,0.12353,0.26323998,0.049,-0.258,Communication Services
FRT,26.246193,32.739914,2.9202793,7.138491,17.463,0.10516,0.27586,0.34465,0.06,-0.011,Real Estate
FSLR,18.753067,10.430391,2.91074,5.195621,12.387,0.16864,0.27728,0.29225,0.797,0.457,Technology
FTNT,31.648148,26.235352,77.681816,8.990448,25.013,2.28043,0.28584,0.31648,0.144,-0.114,Technology
FTV,21.574802,19.287285,2.6760426,2.9616525,12.059,0.103649996,0.09621,0.15539,0.023,-0.742,Technology
GD,23.681139,21.1961,4.0334687,1.9162091,16.946,0.17782,0.081829995,0.10459,0.106,0.158,Industrials
GDDY,18.22069,9.827955,155.87021,3.0044956,13.922,3.69454,0.17013,0.23884001,0.103,0.144,Technology
GE,39.721256,35.93888,16.66003,7.1673155,30.627,0.42131,0.18344,0.20598,0.238,0.193,Industrials
GEHC,17.131472,16.79774,3.771766,1.8659601,12.109,0.24450001,0.10945,0.14213,0.058,-0.041,Healthcare
GEN,27.587912,8.786605,6.3046203,3.4613588,12.149,0.25027,0.12743,0.36475,0.253,-0.192,Technology
GEV,106.07492,49.71767,20.438713,4.7066483,59.908,0.16723,0.045229997,0.05738,0.118,,Industrials
GILD,20.546438,15.139762,7.6532316,5.6620584,12.489,0.40706003,0.27882,0.45231,0.03,1.43,Healthcare
GIS,9.617205,11.975503,2.561283,1.2708192,10.308,0.27173,0.1351,0.17874001,-0.072,-0.458,Consumer Defensive
GL,10.026125,9.194405,1.9503107,1.8837733,8.524,0.22277,0.19363001,0.34092999,0.04,0.375,Financial Services
GLW,60.115387,30.312824,6.5686064,5.3907647,25.998,0.12739,0.09159,0.14561,0.209,,Technology
GM,15.690841,6.9522543,1.1557492,0.41763726,12.054,0.04442,0.01625,0.056739997,-0.003,-0.496,Consumer Cyclical
GNRC,33.761906,21.957018,3.9345174,2.3898642,16.506,0.11969,0.06921,0.0925,-0.05,-0.407,Industrials
GOOG,32.73096,29.42382,10.330284,10.365668,26.921,0.3545,0.32233003,0.30512,0.159,0.353,Communication Services
GOOGL,32.727005,29.433899,10.329035,10.396335,26.921,0.3545,0.32233003,0.30512,0.159,0.353,Communication Services
GPC,23.527586,16.241564,3.965823,0.7889571,12.915,0.16994,0.0336,0.0643,0.049,0.0,Consumer Cyclical
GPN,11.556905,5.5201488,0.794973,2.1164455,7.264,0.07233,0.17365,0.3184,0.005,1.131,Industrials
GRMN,25.464195,23.654509,4.6803875,5.718434,18.812,0.19655001,0.22625999,0.25795,0.117,0.005,Technology
GS,18.723963,14.908088,2.690798,4.9022202,,0.13885,0.28917998,0.37587002,0.152,0.173,Financial Services
GWW,29.912672,24.335962,14.269846,2.8752837,17.776,0.46719003,0.09746,0.15180999,0.061,-0.38,Industrials
HAL,21.970001,12.500807,2.6431665,1.2665662,10.0,0.12274,0.05783,0.14654,0.008,0.001,Energy
HAS,,16.787973,30.671616,2.8610134,14.385,-0.62839,-0.12814,0.24584,0.083,0.031,Consumer Cyclical
HBAN,12.6258745,10.587518,1.3501084,3.7900655,,0.10434,0.29619,0.38561,0.148,0.242,Financial Services
HCA,17.989182,15.774519,-20.057732,1.464772,10.241,,0.0853,0.15474,0.096,0.426,Healthcare
HD,26.240955,25.553183,31.570173,2.3028266,17.478,1.62909,0.087740004,0.12945,0.028,-0.014,Consumer Cyclical
HIG,10.585107,9.729193,1.9966041,1.2922503,7.487,0.20069,0.12745,0.18916,0.07,0.473,Financial Services
HII,29.136553,23.934877,3.3263524,1.3801799,18.08,0.12387,0.04737,0.06172,0.161,0.439,Industrials
HLT,43.422966,32.69884,-14.116618,14.427954,29.307,,0.34188998,0.60327,0.035,0.29,Consumer Cyclical
HOLX,30.194778,15.118244,3.314889,4.090034,12.708,0.11116,0.13796,0.32736,0.062,0.111,Healthcare
HON,23.395153,21.272722,8.399349,3.678696,16.872,0.34616002,0.1507,0.18505,0.07,0.324,Industrials
HOOD,44.272915,40.750854,11.146019,22.726763,,0.27816,0.52188,0.51805,1.0,2.595,Financial Services
HPE,,7.935293,1.1632937,0.84770244,10.499,0.0023,0.00166,0.034089997,0.144,-0.889,Technology
HPQ,7.5584908,6.239234,-53.27128,0.33858538,5.615,,0.045739997,0.07439,0.042,-0.114,Technology
HRL,28.41954,15.877043,1.7214371,1.1235108,12.883,0.06002,0.0395,0.07222,0.015,,Consumer Defensive
HSIC,24.908516,14.937825,2.7854798,0.7400952,13.983,0.08347999,0.03022,0.0614,0.052,0.077,Healthcare
HST,18.099056,21.098415,1.9806937,2.2460198,11.293,0.109239995,0.12403,0.073520005,0.009,0.966,Real Estate
HSY,29.11659,27.696455,8.653487,3.4380875,18.093,0.31013,0.118360005,0.13542,0.065,-0.382,Consumer Defensive
HUBB,30.284283,24.482723,6.982056,4.5202293,20.085,0.24991,0.15123,0.22591,0.041,0.141,Industrials
HUM,25.35594,22.346296,1.7600974,0.25799382,6.071,0.07159,0.01022,0.02043,0.111,-0.593,Healthcare
HWM,61.657303,49.28564,17.386139,11.078214,41.518,0.30064,0.18181999,0.25658,0.138,0.173,Industrials
IBKR,34.545044,28.027617,6.3685436,21.010187,,0.23507999,0.15858,0.79412,0.186,0.268,Financial Services
IBM,35.29082,24.231754,9.918266,4.2317624,21.933,0.30156,0.120900005,0.1717,0.091,,Technology
ICE,31.604015,23.088121,3.4463615,10.167996,19.229,0.114930004,0.32431,0.49067003,0.026,0.246,Financial Services
IDXX,55.63442,48.33539,35.949272,13.468145,39.323,0.64633006,0.24654,0.32106,0.133,0.214,Healthcare
IEX,31.534073,23.915663,3.7202952,4.378647,17.7,0.12197,0.13974,0.21418,0.101,0.083,Industrials
IFF,,16.260008,1.308851,1.6833885,13.93,-0.03232,-0.042630002,0.091309994,-0.079,-0.31,Basic Materials
INCY,17.973526,13.809621,4.471592,4.3254414,13.336,0.30389,0.24695,0.31633,0.2,2.907,Healthcare
INTC,900.6667,88.58146,2.421147,4.8236456,27.282,0.0018600001,0.0037099998,0.06284,0.028,,Technology
INTU,37.088722,20.401346,7.7730374,7.7256603,,0.21987,0.21191,0.15697,0.41,-0.185,Technology
INVH,28.963158,36.655388,1.7523246,6.271241,16.909,0.06,0.21805,0.27131,0.065,0.467,Real Estate
IP,,20.390985,1.3071576,0.9304793,11.009,-0.042779997,-0.05256,0.07473,0.564,,Consumer Cyclical
IQV,33.20289,18.653294,6.6734395,2.5847502,18.628,0.19374001,0.08067001,0.13976,0.052,0.245,Healthcare
IR,65.74808,24.957584,3.464477,4.7300115,19.897,0.05382,0.07309,0.20476,0.051,0.13,Industrials
IRM,175.25925,41.767433,-31.705194,4.2131367,20.865,,0.02398,0.20792,0.126,,Real Estate
ISRG,70.26982,54.59161,11.106942,19.760008,53.006,0.16902,0.28577998,0.30326,0.229,0.25,Healthcare
IT,20.65096,17.583616,31.004848,2.774653,13.831,1.0925701,0.1371,0.15773,0.027,-0.912,Technology
ITW,25.332365,23.212801,23.641708,4.798013,18.164,0.91683,0.19052,0.27667,0.023,-0.281,Industrials
IVZ,20.047619,11.158187,1.1929725,2.0933964,13.862,0.06904,0.16691,0.16514,0.082,4.5,Financial Services
J,54.22287,17.552103,4.57562,1.3809404,14.975,0.06523,0.02405,0.105170004,,-0.634,Industrials
JBHT,34.308006,23.724108,5.5711365,1.6661688,13.674,0.15787,0.04986,0.07959,-0.016,0.24,Industrials
JBL,38.556427,18.241426,19.550947,0.84457874,12.498,0.47823003,0.0226,0.041300002,0.187,0.534,Technology
JCI,43.528515,21.344152,5.4119983,2.9695432,21.219,0.11374,0.13947,0.15306,0.031,1.813,Industrials
JKHY,28.691957,27.728853,6.311292,5.679738,20.68,0.2345,0.19865,0.28549,0.073,0.209,Technology
JNJ,19.920218,17.619802,6.668893,5.62006,16.279,0.35557,0.28456,0.22760999,0.091,0.486,Healthcare
JPM,15.258862,13.231033,2.4067454,4.945574,,0.16134001,0.3391,0.42646,0.025,-0.037,Financial Services
KDP,23.73707,12.685958,1.4771996,2.312884,12.967,0.06291,0.09781,0.23107,0.107,0.083,Consumer Defensive
KEY,14.44079,10.341287,1.3532677,3.4533615,,0.09482,0.26102,0.33616,1.315,,Financial Services
KEYS,42.900593,23.261654,6.2842913,6.8979373,31.414,0.1582,0.15814,0.15292,0.103,,Technology
KHC,,9.076662,0.6468522,1.0651678,7.443,-0.09693,-0.1735,0.17637,-0.023,,Consumer Defensive
KIM,25.33494,27.227407,1.3579594,6.7073374,17.36,0.056700002,0.28243,0.34331,0.056,0.002,Real Estate
KKR,53.046417,18.677788,4.1172423,5.232786,,0.07672,0.10564,0.30958,0.132,0.406,Financial Services
KLAC,47.47954,34.33889,39.794884,15.860046,35.744,0.99167997,0.33828998,0.41661,0.13,0.208,Technology
KMB,17.305416,13.371467,25.479572,1.7209679,10.244,1.3688201,0.09983,0.16699,0.001,-0.502,Consumer Defensive
KMI,21.59489,20.220072,2.1412027,4.0094743,14.213,0.08884,0.16612,0.25639,0.121,0.003,Energy
KO,23.80298,22.322317,9.897426,6.4907603,21.105,0.42442,0.2734,0.32373002,0.051,0.301,Consumer Defensive
KR,55.075222,11.736938,5.0441723,0.28012756,8.495,0.07997,0.0053600003,0.03101,0.007,,Consumer Defensive
KVUE,23.672266,16.100954,3.1983786,2.2667837,11.654,0.13469,0.0955,0.19288,-0.035,0.038,Consumer Defensive
L,14.813044,35.244827,1.1563656,1.1606839,8.62,0.08182,0.07949,0.16677,0.046,0.334,Financial Services
LDOS,17.768692,15.43874,4.9518166,1.4073696,12.361,0.2929,0.08106,0.11971,0.067,0.052,Technology
LEN,14.794486,13.183446,1.3567775,0.8528811,9.216,0.08406,0.06079,0.078779995,-0.058,-0.525,Consumer Cyclical
LH,26.604412,15.489674,2.5898054,1.6382084,14.42,0.10135999,0.062129997,0.11314999,0.086,0.56,Healthcare
LHX,37.914425,28.454672,3.375225,3.0312543,18.779,0.091309994,0.08091,0.12882,0.069,0.171,Industrials
LII,21.216913,20.366266,16.446411,3.297226,16.734,0.92253995,0.15741,0.21340999,-0.048,0.045,Industrials
LIN,29.693441,24.871248,5.364273,6.2087407,17.341,0.17979999,0.21170999,0.2794,0.031,0.27,Basic Materials
LLY,53.321003,33.134228,40.914234,16.394592,34.753,0.9647,0.30986,0.48294,0.539,4.804,Healthcare
LMT,32.88796,20.27792,21.954678,1.8779633,21.272,0.62776,0.05726,0.11693,0.088,0.022,Industrials
LNT,21.056572,19.556618,2.3555863,4.027209,15.283,0.11461,0.19139,0.28843,0.119,-0.052,Utilities
LOW,22.98303,21.374939,-15.002432,1.8484336,16.063,,0.08045,0.1192,0.032,-0.037,Consumer Cyclical
LRCX,48.83407,37.63153,27.267448,14.207363,41.498,0.62261003,0.29657,0.34354,0.277,0.443,Technology
LULU,13.585247,15.44495,5.1127467,2.090703,7.833,0.41017,0.15720001,0.16988,0.071,-0.097,Consumer Cyclical
LUV,68.26984,13.343881,2.8604681,0.81987303,14.481,0.04168,0.0137600005,0.00504,0.012,-0.091,Industrials
LVS,27.207207,18.796,26.068193,3.3807733,12.471,0.65651,0.12687999,0.23627001,0.242,0.619,Consumer Cyclical
LW,16.394928,14.927736,3.5818887,0.9740639,8.137,0.23164,0.060599998,0.09474,0.011,,Consumer Defensive
LYB,,15.676211,1.5859473,0.44500566,11.326,-0.10584,-0.03198,0.06044,-0.102,,Basic Materials
LYV,101.170296,73.8036,61.612976,1.3195182,16.756,0.5636,0.03659,0.09149,0.111,-0.561,Communication Services
MA,33.670937,27.514202,59.89523,15.106309,24.582,1.8486099,0.45275003,0.598,0.167,0.229,Financial Services
MAA,28.824154,40.733536,2.737755,7.411391,17.134,0.09408,0.25233,0.27229,0.006,-0.139,Real Estate
MAR,34.24131,28.461472,-28.06616,12.832445,22.224,,0.37984002,0.65933996,0.056,0.29,Consumer Cyclical
MAS,17.928389,16.686384,-186.43617,1.9318664,12.05,5.6387095,0.10885999,0.15806,-0.033,0.169,Industrials
MCD,26.257046,23.205336,-101.241356,8.354095,18.97,,0.3204,0.46905997,0.03,0.016,Consumer Cyclical
MCHP,,29.425392,6.2018723,9.857856,53.114,-0.02854,-0.04394,0.08347999,-0.02,-0.816,Technology
MCK,25.610086,18.719408,-58.473686,0.26350075,16.709,,0.01042,0.013739999,0.101,3.77,Healthcare
MCO,42.549038,32.086258,23.863216,12.656487,27.655,0.54914004,0.29916,0.46886003,0.107,0.229,Financial Services
MDLZ,21.715355,18.44564,2.857847,1.9929063,16.845,0.13101,0.0938,0.10837,0.059,-0.095,Consumer Defensive
MDT,27.533875,16.614529,2.6771362,3.7491739,15.622,0.09822,0.13706,0.20299,0.066,0.081,Healthcare
MET,14.501883,7.798409,1.7578641,0.71192694,12.216,0.12798001,0.053400002,0.0701,-0.059,-0.326,Financial Services
META,28.091732,21.128752,8.254546,8.453754,15.768,0.32643002,0.30892,0.40075,0.262,-0.826,Communication Services
MGM,172.25,15.779012,3.5045779,0.54530406,16.958,0.10293,0.00403,0.051620003,0.016,,Consumer Cyclical
MKC,21.524965,17.850594,2.8919528,2.4509964,17.144,0.1385,0.11462,0.17091,0.027,0.011,Consumer Defensive
MLM,33.08158,29.149744,3.9942017,5.63286,19.138,0.12523,0.16688,0.27898002,0.124,0.157,Basic Materials
MMC,21.932774,17.72059,5.9080324,3.395445,14.053,0.28734,0.15601,0.19240999,0.115,0.0,Financial Services
MMM,26.356667,16.93503,17.665327,3.3666823,15.012,0.75501,0.13027,0.12946,0.02,-0.195,Industrials
MNST,46.181816,35.88806,10.252271,9.95724,31.035,0.25538,0.21654,0.30738002,0.168,0.395,Consumer Defensive
MO,11.681298,10.9496565,-38.838833,5.0989842,9.899,,0.4398,0.62826,-0.017,0.052,Consumer Defensive
MOH,12.020923,14.250696,2.3770928,0.2471273,3.711,0.19708,0.020610001,0.01249,0.116,-0.734,Healthcare
MOS,7.319948,11.2147045,0.7017086,0.75398576,5.939,0.101169996,0.10334,0.11958,0.228,2.395,Basic Materials
MPC,18.776834,13.251604,3.1106849,0.4021332,11.057,0.18887,0.02158,0.049689997,-0.008,1.412,Energy
MPWR,27.645823,51.71558,14.483619,19.421194,67.871,0.64029,0.7122,0.26477,0.189,0.258,Technology
MRK,14.541666,17.608814,5.2739267,4.274832,9.485,0.39485002,0.29632,0.40802,0.037,0.87,Healthcare
MRNA,,-7.8589087,2.283128,9.537262,-4.82,-0.29317,-1.39606,-0.25591,-0.454,,Healthcare
MRSH,21.467625,17.366354,5.7896776,3.3274245,13.861,0.28734,0.15601,0.19240999,0.115,0.0,Financial Services
MS,17.974535,15.0242,2.9138021,4.14917,,0.15729,0.23986,0.3943,0.11,0.207,Financial Services
MSCI,37.39924,30.412966,-23.15715,14.943139,27.958,,0.40032002,0.56425,0.095,0.19,Financial Services
MSFT,31.735796,23.851923,9.149058,11.30463,19.942,0.32241002,0.35707,0.48873,0.184,0.127,Technology
MSI,31.959005,24.361998,28.481268,5.85492,22.374,1.1517,0.18704,0.26554,0.078,0.012,Technology
MTB,12.969135,10.554455,1.2715571,3.7532701,,0.09797,0.3104,0.41404,0.047,0.21,Financial Services
MTCH,14.803738,8.456005,-33.81003,2.1972046,9.876,,0.16202,0.30826,0.021,0.233,Communication Services
MTD,36.062702,31.605589,-118.573235,7.5589995,26.39,,0.21202,0.28497,0.079,0.061,Healthcare
MU,36.8392,9.140975,7.4135485,10.29908,19.795,0.22554001,0.28146,0.44974998,0.567,1.754,Technology
NCLH,15.154676,7.9884567,4.373054,0.9894188,9.706,0.39870998,0.06846,0.25507998,0.047,-0.096,Consumer Cyclical
NDAQ,35.344643,25.65096,4.7144146,6.9522095,21.795,0.14054,0.19895001,0.31614,0.029,0.377,Financial Services
NDSN,32.299294,22.89301,5.0561304,5.5027924,19.489,0.16215,0.17354,0.2916,0.01,0.267,Industrials
NEE,26.925682,21.15152,3.2601438,6.717056,19.085,0.08236,0.24729,0.30768,0.053,0.311,Utilities
NEM,18.889238,14.985393,3.9954538,6.204496,10.583,0.22875999,0.33423,0.4685,0.2,1.081,Basic Materials
NFLX,33.224506,21.966356,13.357381,7.883254,26.823,0.42762002,0.24304001,0.24535,0.176,0.312,Communication Services
NI,23.031578,21.401253,2.2899003,3.273009,14.055,0.09073,0.14155,0.22873,0.183,0.057,Utilities
NKE,38.631577,28.443363,6.9405336,2.1025116,26.2,0.17950001,0.05426,0.08095,0.006,-0.321,Consumer Cyclical
NOC,24.0634,23.162933,5.96599,2.338093,16.774,0.26152,0.09819999,0.13221,0.043,0.096,Industrials
NOW,76.79394,31.08807,11.636514,10.554762,50.853,0.16813,0.13665,0.16789,0.218,0.159,Technology
NRG,22.71151,15.953817,22.129333,0.986933,11.221,0.64186996,0.04839,0.05527,0.057,,Utilities
NSC,22.201107,22.807795,4.310128,5.3360076,14.278,0.2048,0.24219,0.36578,0.017,-0.349,Industrials
NTAP,17.01568,11.444876,19.61245,2.937581,11.127,1.25346,0.17733999,0.24751,0.028,0.063,Technology
NTRS,17.841492,16.074312,2.398283,3.6791494,,0.13432,0.21761,0.30332002,0.042,0.032,Financial Services
NUE,25.488064,15.407493,1.9996145,1.3026417,11.696,0.09014,0.05185,0.10421,0.145,1.505,Basic Materials
NVDA,45.95285,24.164064,37.855682,24.093048,39.086,1.07359,0.53007,0.63168997,0.625,0.667,Technology
NVR,17.266705,19.327587,5.660535,2.0492482,11.106,0.348,0.13545,0.17104,-0.049,-0.139,Consumer Cyclical
NWS,37.192772,25.983974,1.9998705,2.0197098,15.954,0.070250005,0.138,0.10448,0.023,-0.052,Communication Services
NWSA,32.198795,22.495033,1.7313423,1.8438318,13.938,0.070250005,0.138,0.10448,0.023,-0.052,Communication Services
NXPI,29.269466,17.17931,5.9433746,4.956265,16.888,0.20872,0.17111,0.28238,-0.024,-0.111,Technology
O,57.542053,38.38074,1.4503781,10.06765,16.957,0.02488,0.17135,0.44514,0.103,0.152,Real Estate
ODFL,36.026104,35.38275,8.813185,6.7635508,21.318,0.25059,0.18967,0.25655,-0.043,-0.105,Industrials
OKE,14.078713,12.9785,2.1846142,1.5280662,10.887,0.17847,0.105790004,0.18160999,0.719,0.262,Energy
OMC,11.713863,8.044396,3.3223174,1.5687897,7.642,0.27007,0.08307,0.15593,0.04,-0.103,Communication Services
ON,86.671234,21.607721,3.2439501,4.18009,14.043,0.03891,0.051570002,0.18505,-0.12,-0.326,Technology
ORCL,33.475338,22.391588,17.082859,8.385871,23.302,0.69026,0.25280002,0.31997,0.142,0.909,Technology
ORLY,34.034756,29.667103,-92.82207,4.748717,23.666,,0.14225,0.20742,0.078,0.126,Consumer Cyclical
OTIS,26.60472,20.251806,-6.4824266,2.4736087,16.787,,0.09413,0.16992001,0.04,-0.291,Industrials
OXY,31.216913,31.255983,1.4951576,1.5723886,5.702,0.05955,0.08169,0.17723,-0.077,-0.334,Energy
PANW,114.44936,41.688087,14.440984,13.188772,88.755,0.15324001,0.11687,0.12005,0.157,-0.041,Technology
PAYC,18.854218,15.089215,4.7911277,4.27174,15.063,0.28557,0.22645001,0.22826,0.092,0.496,Technology
PAYX,24.445702,18.268291,9.9963,6.4280868,14.644,0.40884998,0.26446,0.41667,0.183,-0.035,Technology
PCAR,24.160786,21.682056,3.3412876,2.191412,18.737,0.14151,0.091120005,0.099209994,-0.19,-0.395,Industrials
PCG,12.747899,9.310518,1.0968115,1.3465109,9.878,0.0876,0.10492,0.21312,0.052,0.378,Utilities
PEG,19.03125,17.94709,2.3226545,3.3724203,14.206,0.12579,0.17768,0.2703,0.221,0.192,Utilities
PEP,27.88381,17.11051,10.336817,2.1698377,14.28,0.37162,0.078200005,0.16903,0.027,-0.108,Consumer Defensive
PFE,15.194767,8.793091,1.6013113,2.366743,7.95,0.105979994,0.15654999,0.35277,-0.059,-0.213,Healthcare
PFG,13.57698,9.867086,1.750345,1.3054557,8.319,0.13767,0.099580005,0.06856,0.222,,Financial Services
PG,21.924088,20.539541,6.6844707,4.1384864,14.85,0.31902,0.19739,0.2758,0.03,0.214,Consumer Defensive
PGR,11.22079,12.775074,3.381857,1.4079579,8.816,0.34223998,0.12579,0.15079,0.142,0.121,Financial Services
PH,33.564102,28.28552,8.632429,5.9543314,24.804,0.27294,0.18178,0.21086,0.037,0.178,Industrials
PHM,10.084876,12.177056,1.9888308,1.4632465,7.434,0.21569,0.14926,0.17336,-0.016,-0.116,Consumer Cyclical
PKG,22.180809,19.710999,4.126778,2.2524955,12.544,0.19811001,0.10185,0.15683,0.06,-0.049,Consumer Cyclical
PLD,37.372093,38.96525,2.2709768,13.121758,24.981,0.05963,0.35243,0.42720002,0.087,-0.243,Real Estate
PLTR,386.2558,164.08487,60.068714,101.60379,442.967,0.19504,0.28114,0.33296,0.628,2.0,Technology
PM,24.06669,20.258814,-24.063257,6.566729,17.304,,0.21574,0.40747002,0.094,0.131,Consumer Defensive
PNC,13.578614,11.06152,1.4525297,4.083081,,0.12158,0.31075,0.39262,0.096,0.294,Financial Services
PNR,27.636131,20.220694,4.6988835,4.312706,17.674,0.17966999,0.15844,0.23982,0.029,0.333,Industrials
PNW,19.152578,19.869518,1.551062,2.0949056,12.54,0.087749995,0.11198,0.32109,0.029,0.006,Utilities
PODD,81.358185,45.00431,14.141339,7.7668223,39.86,0.19679001,0.097629994,0.16664,0.299,0.148,Healthcare
POOL,24.506844,23.185343,7.263447,1.8931184,17.575,0.29307,0.07784,0.122650005,0.013,0.04,Industrials
PPG,20.365831,14.133387,3.275267,1.6376555,11.912,0.1616,0.06348,0.1416,0.012,-0.001,Basic Materials
PPL,25.071428,18.896027,1.8910667,3.0363166,13.286,0.076620005,0.12162,0.26619,0.084,0.489,Utilities
PRU,14.943834,7.303448,1.1894066,0.66657615,15.513,0.085,0.04538,0.09917,-0.083,2.234,Financial Services
PSA,29.865143,28.420475,10.180339,10.534699,19.189,0.19933,0.39453998,0.46947,0.031,0.213,Real Estate
PSKY,396.99667,11.605826,1.0892537,0.457361,9.512,0.01279,-0.00947,0.10012,-0.004,,Communication Services
PSX,38.241238,12.659419,2.1237183,0.43451175,14.83,0.056199998,0.011410001,0.04395,-0.029,-0.61,Energy
PTC,26.828947,18.719088,5.096067,7.113104,18.418,0.2085,0.26795998,0.50643003,0.427,1.748,Technology
PWR,68.264404,37.118275,8.207974,2.5344222,30.858,0.13369,0.03744,0.07105,0.175,0.149,Industrials
PYPL,11.52008,9.9600525,2.6728475,1.6678857,8.114,0.24358,0.14963001,0.19198999,0.073,0.313,Financial Services
Q,38.773945,32.609184,2.3235524,4.5439816,16.903,,0.17256,0.21708,0.112,0.06,Technology
QCOM,31.476002,12.760451,7.9706254,3.8346364,12.358,0.2334,0.12512,0.26235,0.1,,Technology
RCL,19.197847,16.134825,7.6942577,4.4617515,15.357,0.46677,0.23318,0.33139,0.052,0.363,Consumer Cyclical
REG,33.05046,29.818441,1.9924783,8.40719,18.481,0.0602,0.26093,0.39363,0.077,0.074,Real Estate
REGN,18.132965,16.867195,2.5132992,5.6263843,16.362,0.15188,0.32131,0.29563,0.009,0.18,Healthcare
RF,12.532609,10.113858,1.4156272,3.5822318,,0.1165,0.30556,0.46976003,0.156,,Financial Services
RJF,16.700533,12.720132,2.746001,2.4260337,,0.17666,0.15234,0.20146,0.07,0.035,Financial Services
RL,27.170732,21.64449,8.641748,2.9446435,18.073,0.34005,0.112840004,0.14074999,0.165,0.437,Consumer Cyclical
RMD,26.672464,21.638708,6.2129555,7.2350125,19.247,0.25413,0.2735,0.34618,0.091,0.123,Healthcare
ROK,55.62745,31.227274,13.090221,5.735548,29.046,0.20282,0.104169995,0.19732,0.138,-0.412,Industrials
ROL,59.205605,49.50147,20.041126,8.282162,37.341,0.36208,0.14019,0.22037001,0.12,0.205,Consumer Cyclical
ROP,28.10702,18.9537,2.198722,5.69338,17.271,0.081549995,0.20337,0.28401,0.143,0.082,Technology
ROST,29.793608,26.66419,10.491284,2.8153117,20.325,0.37425,0.0947,0.11578,0.104,0.068,Consumer Cyclical
RSG,32.111443,29.597218,5.643443,4.0887747,15.457,0.18249,0.12768,0.19919,0.033,-0.022,Industrials
RTX,40.4959,29.452135,4.1070724,3.081399,20.843,0.10702,0.07666,0.12399,0.119,0.294,Industrials
RVTY,60.935238,22.104002,1.8181468,4.852092,18.982,0.0304,0.08441,0.13788,0.022,-0.474,Healthcare
SBAC,23.649057,21.681696,-4.0685997,7.182886,19.008,,0.30724,0.53851,0.097,-0.083,Real Estate
SBUX,59.748466,32.7532,-13.674529,2.9781888,24.35,,0.04992,0.10976,0.055,-0.854,Consumer Cyclical
SCHW,22.564516,15.331821,4.398449,8.312031,,0.17046,0.35930002,0.49242002,0.266,0.775,Financial Services
SHW,34.714252,28.586466,19.778713,3.8041961,23.486,0.59939,0.110489994,0.18197,0.032,0.053,Basic Materials
SJM,,10.37391,1.803905,1.2460562,10.3,-0.17438,-0.13608,0.19118999,0.026,,Consumer Defensive
SLB,19.093386,16.804047,2.8595572,2.0798035,10.803,0.15182,0.10341,0.15479,-0.025,-0.398,Energy
SMCI,25.992125,10.935533,3.0201278,0.93603826,20.46,0.12787,0.03766,0.03632,-0.155,-0.616,Technology
SNA,19.643944,18.261784,3.347751,3.8200178,13.716,0.18330999,0.19827999,0.25257,0.036,0.068,Industrials
SNDK,,20.08169,7.642754,9.187453,138.581,-0.16181,-0.22365,0.08319,0.226,-0.485,Technology
SNPS,62.946846,30.156668,3.343576,13.811232,83.718,0.0716,0.18886,0.053839996,0.378,-0.665,Technology
SO,22.069653,19.428616,2.7909904,3.3787577,12.44,0.11429,0.15422,0.36558998,0.075,0.108,Utilities
SOLV,9.296211,12.748551,2.8165438,1.6715126,13.848,0.37271,0.18139,0.07824,0.007,9.314,Healthcare
SPG,27.234354,27.184889,26.45271,11.465846,18.876,0.82455003,0.36498,0.50757,0.082,0.274,Real Estate
SPGI,38.987644,26.932495,4.912459,10.910224,23.276,0.119940005,0.28091,0.44316003,0.088,0.241,Financial Services
SRE,26.63077,16.972485,1.8129072,4.12002,17.657,0.0677,0.15754,0.14503,0.135,-0.882,Utilities
STE,37.664993,23.577745,3.6742992,4.5342627,17.632,0.101339996,0.12073,0.18372999,0.099,0.286,Healthcare
STLD,23.91192,13.479522,2.9333823,1.5070075,15.124,0.12550999,0.0639,0.10516,0.112,0.337,Basic Materials
STT,13.740426,9.923354,1.4844612,2.5981991,,0.11078,0.21209998,0.30008,0.076,-0.012,Financial Services
STX,43.758354,20.88908,-1154.0339,7.7602386,31.082,,0.17922,0.26892,0.213,0.723,Technology
STZ,25.589483,13.183733,3.6653402,3.0244243,11.033,0.14454001,0.11826,0.33917,-0.098,-0.15,Consumer Defensive
SW,28.931507,14.070151,1.1932541,0.70836765,7.878,0.04099,0.02402,0.07672,0.043,,Consumer Cyclical
SWK,28.97931,14.937073,1.4496154,0.8582536,13.215,0.04918,0.02892,0.09042,0.001,-0.434,Industrials
SWKS,19.54383,11.889619,1.5547836,2.2082877,8.756,0.0789,0.116739996,0.10235,0.073,1.545,Technology
SYF,8.545098,8.345332,1.7715281,3.0062134,,0.21636999,0.37066,0.53381,0.207,0.474,Financial Services
SYK,47.451443,24.204765,6.347295,5.6714954,23.147,0.14036,0.12071,0.22272,0.102,0.028,Healthcare
SYY,20.648792,15.263786,17.832832,0.44959256,11.344,0.8346,0.02211,0.041750003,0.032,0.0,Consumer Defensive
T,7.7573295,10.694143,1.5292494,1.3679823,7.319,0.19139999,0.17870001,0.2158,0.016,,Communication Services
TAP,,9.106756,0.9629999,0.88720304,6.552,-0.17295,-0.18638,0.16489,-0.023,,Consumer Defensive
TDG,44.803055,31.41557,-8.355003,9.159808,23.859,,0.23485,0.47764,0.115,0.34,Industrials
TDY,33.23545,24.531227,2.9394424,4.8226223,21.854,0.08926,0.14632,0.20604,0.073,0.335,Technology
TECH,144.40816,32.668365,5.606085,9.06141,34.956,0.038,0.06409,0.16882999,-0.01,0.143,Healthcare
TEL,33.646465,18.979206,5.273311,3.7908874,16.065,0.16097,0.11406,0.20903999,0.217,0.444,Technology
TER,83.06341,44.26405,13.266304,12.753103,56.793,0.15767999,0.15495,0.18892,0.043,-0.157,Technology
TFC,13.253927,9.957715,1.0604918,3.515237,,0.077199996,0.26996002,0.34664002,0.032,0.108,Financial Services
TGT,12.800607,13.71132,3.0847988,0.45596647,8.017,0.25094998,0.03576,0.04626,-0.016,-0.184,Consumer Defensive
TJX,33.9196,29.817757,18.27183,2.9058986,22.99,0.58396,0.086789995,0.12489,0.075,0.123,Consumer Cyclical
TKO,76.940994,52.594814,4.163009,6.505485,23.687,0.08129,0.08989,0.15632,-0.273,0.65,Communication Services
TMO,37.021664,25.990124,4.7193127,5.5050907,25.042,0.13116999,0.15022,0.19277,0.049,0.005,Healthcare
TMUS,17.891031,15.036467,3.4313562,2.4322224,9.931,0.19034,0.13826999,0.2223,0.089,-0.077,Communication Services
TPL,50.869377,4.793353,17.663155,31.28213,36.324,0.3937,0.61676997,0.73521006,0.17,0.138,Energy
TPR,99.82825,20.804102,67.34037,3.7558124,18.567,0.16053,0.03765,0.21213,0.131,0.62,Consumer Cyclical
TRGP,25.748314,19.408136,15.143662,2.362602,12.582,0.4985,0.09949,0.2016,0.078,0.257,Energy
TRMB,48.67466,20.558449,2.9199197,4.696402,22.97,0.06131,0.099309996,0.18364,0.029,1.875,Technology
TROW,11.765539,10.473995,2.1816676,3.289996,7.552,0.1867,0.28892002,0.35474,0.06,0.087,Financial Services
TRV,10.0751,9.921795,1.8273305,1.2625093,6.967,0.20698999,0.12878,0.25893,0.035,0.229,Financial Services
TSCO,25.826475,23.114285,10.991118,1.8344313,17.035,0.45459,0.07176,0.09215,0.072,0.088,Consumer Cyclical
TSLA,297.13672,201.01846,18.155748,15.190235,130.737,0.06791,0.05314,0.06628,0.116,-0.371,Consumer Cyclical
TSN,45.323307,13.674826,1.1766083,0.3909235,10.533,0.0276,0.00871,-0.0049799997,0.022,-0.87,Consumer Defensive
TT,29.95913,26.446049,10.45606,4.1452227,21.672,0.3721,0.13926,0.20219,0.055,0.114,Industrials
TTD,41.47159,17.48565,6.802423,6.394531,25.845,0.16783,0.15717,0.21802999,0.177,0.211,Communication Services
TTWO,,30.059568,12.794252,7.062408,59.097,-0.86609,-0.64265,-0.054970004,0.311,,Communication Services
TXN,35.49635,31.533949,10.634157,10.242405,23.737,0.29757,0.29208001,0.36736,0.142,0.007,Technology
TXT,21.113785,14.110892,2.268218,1.2077705,12.499,0.11465,0.05809,0.09495,0.051,0.105,Industrials
TYL,60.914703,34.956623,5.243932,8.26717,39.865,0.091680005,0.13719,0.16434999,0.097,0.109,Technology
UAL,11.139216,7.71604,2.4312065,0.6227038,6.962,0.23987,0.056760002,0.08956,0.048,0.083,Industrials
UBER,42.948715,19.869371,6.191321,3.5205367,34.087,0.72994006,0.33542,0.082650006,0.204,1.585,Technology
UDR,86.13637,67.67857,3.8788252,8.18888,18.992,0.03649,0.08595,0.20661,0.066,0.976,Real Estate
UHS,9.795909,8.80472,1.7944696,0.7711544,6.988,0.20028,0.08093,0.11605,0.134,0.542,Healthcare
ULTA,26.358679,24.10654,11.60092,2.5685158,17.565,0.47967,0.09932,0.10828,0.129,0.0,Consumer Cyclical
UNH,18.396614,19.895344,3.3408844,0.73526174,12.809,0.17476,0.04042,0.03813,0.122,-0.602,Healthcare
UNP,19.70229,18.552803,7.9622264,5.613352,13.479,0.41619,0.2873,0.41030997,0.025,0.095,Industrials
UPS,16.964453,15.423789,5.882416,1.0406313,9.864,0.33618,0.061490003,0.10175,-0.037,-0.141,Industrials
URI,24.624516,20.165342,6.774621,3.848439,16.534,0.28781,0.15826,0.26484,0.059,0.02,Industrials
USB,12.233767,10.31867,1.5053133,3.3349245,,0.12184,0.28724,0.39334,0.053,0.243,Financial Services
V,31.893517,22.576061,16.800785,15.710947,22.496,0.52068,0.50145,0.6575,0.115,-0.014,Financial Services
VICI,10.838402,9.984238,1.1009191,7.675956,13.062,0.10357001,0.70175004,0.97673,0.044,0.014,Real Estate
VLO,39.05083,15.262716,2.4168904,0.501681,10.588,0.052389998,0.01283,0.05527,-0.032,2.096,Energy
VLTO,28.003561,24.45597,8.914443,4.6550283,19.585,0.37978,0.16746001,0.23219,0.068,0.08,Industrials
VMC,35.48522,30.543774,4.5370116,5.0323963,18.982,0.13520999,0.14189,0.23622,0.144,0.808,Basic Materials
VRSK,33.485386,28.245203,80.52349,10.037849,22.13,2.68133,0.30418,0.45529,0.059,0.045,Industrials
VRSN,29.325556,25.951979,-11.386372,14.431332,21.713,,0.49855998,0.67836,0.073,0.097,Technology
VRTX,32.96338,23.163174,6.863645,10.236993,23.886,0.22307,0.31349,0.40268,0.11,0.047,Healthcare
VST,58.52518,17.296772,20.153599,3.2078583,14.142,0.1731,0.06701,0.21042,-0.209,-0.667,Utilities
VTR,146.01888,136.97345,2.9388978,6.5570564,23.47,0.021559998,0.042930003,0.15584,0.218,2.016,Real Estate
VTRS,,5.36756,1.0085313,1.0821801,7.094,-0.21087,-0.26134002,0.107609995,0.002,,Healthcare
VZ,8.439233,8.300983,1.5887288,1.2137967,6.66,0.19875,0.14428,0.23932,0.015,0.5,Communication Services
WAB,33.86754,22.788553,3.5991397,3.6881416,19.378,0.11147001,0.10941,0.18468,0.084,0.11,Industrials
WAT,36.764492,27.945353,10.20636,7.6625285,23.141,0.32987,0.20891,0.27392998,0.08,-0.077,Healthcare
WBD,149.57895,-146.02066,1.9544735,1.8611048,13.042,0.00969,0.01281,0.087340005,-0.06,,Communication Services
WDAY,79.40085,17.562017,5.5951,5.4429708,37.344,0.073359996,0.06955,0.10855,0.126,0.306,Technology
WDC,33.00703,22.060432,13.631505,7.9446225,,0.29707,0.25459,0.15403,,,Technology
WEC,20.59659,19.455324,2.607226,3.7053528,15.174,0.12807,0.17748,0.22163,0.129,0.093,Utilities
WELL,126.234474,83.963295,3.2308967,12.679384,37.199,0.0275,0.09693,0.19906001,0.306,-0.437,Real Estate
WFC,14.087859,11.197878,1.6578938,3.4586756,,0.11732,0.26659,0.32224,0.05,0.13,Financial Services
WM,36.052082,27.403542,9.673701,3.7154377,15.725,0.29328,0.10345,0.18872999,0.149,-0.207,Industrials
WMB,33.051815,28.311728,6.243516,6.7260876,17.069,0.16902,0.20462999,0.39554,0.083,-0.085,Energy
WMT,41.44581,39.905132,9.833666,1.3442105,23.777,0.23661,0.03259,0.0373,0.058,0.352,Consumer Defensive
WRB,14.171218,14.6197,2.6150417,1.7493047,9.588,0.20887,0.13007,0.17723,0.108,0.407,Financial Services
WSM,23.538038,23.327475,12.429553,3.221296,15.495,0.56918997,0.14297,0.16950001,0.046,0.048,Consumer Cyclical
WST,37.252956,32.4763,5.933649,6.00335,22.5,0.16945,0.16293,0.21849,0.077,0.038,Healthcare
WTW,15.255503,16.561655,3.9591224,3.171429,13.148,0.27633,0.21576001,0.18881,-0.0,,Financial Services
WY,59.163044,123.96939,2.0785916,2.7765725,24.126,0.03419,0.0468,0.02854,0.021,1.859,Real Estate
WYNN,25.721905,19.824324,-32.27763,1.696291,11.63,,0.07092,0.16931999,0.083,,Consumer Cyclical
XEL,23.172255,18.469063,2.122274,3.1599648,14.01,0.09449001,0.13459,0.26615998,0.074,-0.272,Utilities
XOM,19.260174,18.903858,2.1446605,1.731591,9.715,0.11424,0.091809995,0.11057,-0.051,-0.083,Energy
XYL,36.788662,25.693459,3.101358,3.9074402,19.229,0.08555,0.10659,0.15653,0.078,0.045,Industrials
XYZ,13.109658,19.966965,1.7636628,1.6565775,22.863,0.14692001,0.13081001,0.06871,0.023,0.644,Technology
YUM,30.170563,23.205969,-5.7332563,5.331065,19.266,,0.17951,0.34410998,0.084,0.044,Consumer Cyclical
ZBH,21.94789,10.43457,1.374258,2.1881633,9.124,0.06421,0.100530006,0.17003,0.097,-0.057,Healthcare
ZBRA,24.910698,13.973962,3.3427444,2.3885612,13.98,0.14286,0.09743,0.14621,0.052,-0.254,Technology
ZTS,21.213804,18.56315,10.305881,5.9429126,15.116,0.49868,0.28211,0.39333,0.005,0.085,Healthcare
