Ticker,PER,Forward_PER,PBR,PSR,EV_EBITDA,ROE,Profit_Margin,Oper_Margin,Rev_Growth,EPS_Growth,Sector
A,26.560173,18.481327,4.9672613,4.870643,18.565,0.19945998,0.18259001,0.19633,0.07,-0.036,Healthcare
AAPL,34.391636,28.876884,45.24008,9.145022,26.095,1.5202099,0.27037,0.35374,0.157,0.183,Technology
ABBV,103.58824,13.090334,-114.22703,5.950029,14.109,62.25,0.05786,0.31555998,0.124,-0.458,Healthcare
ABNB,30.037128,20.937033,8.56931,6.220782,22.06,0.30776,0.2203,0.39683,0.097,0.038,Consumer Cyclical
ABT,27.117647,15.955526,3.225065,3.7272363,15.151,0.12961,0.13904999,0.12048,0.078,-0.197,Healthcare
ACGL,7.266154,9.397705,1.4449832,1.6869733,5.516,0.21305999,0.24635,0.25282,-0.033,0.946,Financial Services
ACN,16.54177,13.408451,3.9399912,1.7198865,10.652,0.24763,0.10606,0.13819,0.083,0.038,Technology
ADBE,14.929341,9.461408,8.941008,4.1854115,11.675,0.58774,0.29477,0.37793,0.12,0.111,Technology
ADI,75.55798,27.295858,4.9893794,14.381262,31.828,0.07862,0.23024,0.33067,0.304,1.167,Technology
ADM,29.340807,14.005368,1.3930464,0.39172876,15.57,0.04721,0.01343,0.01725,-0.137,-0.197,Consumer Defensive
ADP,19.788982,17.511536,13.359808,4.0021667,14.324,0.73843,0.19964,0.26283002,0.062,0.115,Technology
ADSK,47.649227,17.683935,17.11829,7.2675977,24.951,0.39675,0.15597999,0.27133,0.194,0.065,Technology
AEE,21.340385,19.094044,2.2887962,3.485863,13.581,0.11337,0.16547,0.20201999,-0.048,0.191,Utilities
AEP,19.510511,19.053373,2.2570393,3.1793935,13.366,0.12486,0.16364999,0.22843,0.132,-0.134,Utilities
AES,11.030535,6.049088,2.532866,0.8423023,13.683,0.01954,0.07439,0.16575001,0.047,-0.317,Utilities
AFL,12.990857,14.688418,1.9992964,3.4118462,13.565,0.13118,0.21242,0.33558998,-0.099,-0.229,Financial Services
AIG,13.775323,8.470085,0.9785325,1.5034398,4.71,0.07399,0.11634,0.13768,-0.072,-0.056,Financial Services
AIZ,12.661157,9.719407,1.8336325,0.84456354,8.5,0.15899,0.0681,0.093059994,0.079,0.159,Financial Services
AJG,35.958187,13.916495,2.2745557,4.0791326,19.173,0.06906,0.11484,0.104370005,0.367,-0.483,Financial Services
AKAM,32.13783,14.935991,3.329586,3.814522,16.902,0.10642,0.12262999,0.15743,0.05,1.553,Technology
ALB,,20.754446,2.6827617,3.8119588,31.419,-0.04656,-0.09929,0.01507,0.159,,Basic Materials
ALGN,29.531878,14.231724,3.1020992,3.1240318,13.786,0.103870004,0.1017,0.22384001,0.053,0.356,Healthcare
ALL,4.805574,8.417977,1.9744625,0.8288759,4.738,0.39518002,0.15191,0.29017,0.051,1.032,Financial Services
ALLE,18.78142,14.403428,5.6226735,2.8406978,13.577,0.34179002,0.15237,0.18876,0.097,-0.07,Industrials
AMAT,36.401028,26.249128,13.786125,9.930192,28.937,0.35508,0.24669,0.28441,-0.035,0.133,Technology
AMCR,187.12,10.525936,1.8600397,1.1013829,12.936,0.07734,0.03039,0.082399994,0.681,-0.327,Consumer Cyclical
AMD,74.03847,18.281137,4.980595,9.047547,47.729,0.07082,0.12515001,0.16601999,0.341,2.171,Technology
AME,36.796875,27.012177,5.074775,7.2887526,23.02,0.14594,0.19999,0.27523002,0.134,0.036,Industrials
AMGN,24.332397,14.821273,21.5477,5.0788326,13.752,1.0610299,0.20982,0.30549,0.086,1.121,Healthcare
AMP,12.79978,10.031231,6.4677596,2.2257357,,0.60508,0.18841,0.35347998,0.086,-0.011,Financial Services
AMT,29.469357,26.40276,24.180784,7.867729,19.108,0.29952,0.26806998,0.45268002,0.068,0.769,Real Estate
AMZN,31.705742,27.092747,6.919543,3.9760447,19.757,0.22286,0.108339995,0.10533,0.136,0.05,Consumer Cyclical
ANET,51.300724,33.533695,14.973561,21.10498,43.596,0.31736,0.3973,0.42378,0.275,0.155,Technology
AON,28.016027,16.341244,9.477651,4.427513,16.647,0.3769,0.15962,0.20365,0.074,0.344,Financial Services
AOS,16.062338,14.300052,4.6111403,2.2319329,10.844,0.29197,0.1426,0.17951,0.0,0.191,Industrials
APA,7.2655506,12.590376,1.7594578,1.2192521,2.936,0.2532,0.16091,0.27998,-0.187,-0.177,Energy
APD,,21.238493,4.33498,5.472337,102.306,-0.01667,-0.02733,0.24280001,0.058,0.097,Basic Materials
APH,42.19771,28.352068,13.467764,6.9896407,24.274,0.36825,0.17239,0.25573,0.584,0.241,Technology
APO,18.50583,11.599497,3.38931,2.7073023,,0.16549,0.15777001,0.17892,0.877,-0.558,Financial Services
APP,38.860695,26.475992,61.893818,24.08231,28.801,2.12945,0.60827,0.76917,0.208,0.875,Communication Services
APTV,108.013336,8.545187,1.890769,0.8648261,7.753,0.01948,0.008090001,0.08946,0.05,-0.436,Consumer Cyclical
ARE,,-513.125,0.4525261,2.4414327,12.433,-0.04144,-0.36141,0.15890999,-0.115,,Real Estate
ARES,77.19527,16.849855,9.53934,7.6304636,35.601,0.13579,0.09415,0.17029,0.195,-0.815,Financial Services
ATO,22.389034,19.574272,1.9864252,5.826821,15.761,0.09237,0.25667998,0.38848,0.142,0.094,Utilities
AVB,22.846344,37.28375,2.2216196,8.431373,18.797,0.09719,0.37207,0.29471,0.034,0.403,Real Estate
AVGO,69.42857,19.197714,5.580453,22.947426,4.477,0.33370999,0.36571997,0.31765,0.164,1.881,Technology
AVY,18.460585,14.681056,5.620778,1.4001142,11.145,0.30857,0.0766,0.12604,0.07,0.043,Consumer Cyclical
AWK,22.769505,19.52939,2.3128738,4.878964,14.893,0.10496,0.21615,0.32179,0.058,0.0,Utilities
AXON,173.56151,52.05755,13.40325,15.72406,1741.297,0.04476,0.044850003,-0.06039,0.385,-0.982,Industrials
AXP,19.605492,15.621043,6.4365926,3.1983418,,0.33992,0.16174999,0.17459999,0.106,0.166,Financial Services
AZO,26.080431,21.323599,-21.251093,3.1739123,17.601,,0.124689996,0.16341999,0.082,-0.023,Consumer Cyclical
BA,91.87352,53.059044,30.620472,1.9876877,-65.644,1.69947,0.024600001,0.01715,0.14,,Industrials
BAC,13.410448,10.706285,1.3943202,3.5151486,,0.10644,0.28956,0.35956,0.118,0.233,Financial Services
BALL,20.057577,14.648084,3.2575424,1.3687057,11.476,0.16122,0.069299996,0.101280004,0.162,0.811,Consumer Cyclical
BAX,,8.68161,1.4750797,0.80716103,8.167,-0.13713,-0.085109994,0.07364,0.08,,Healthcare
BBY,21.650166,9.301006,4.645563,0.33059037,6.357,0.37041,0.02564,0.05017,-0.01,3.717,Consumer Cyclical
BDX,29.561373,13.20758,2.034261,2.9847538,11.241,0.0696,0.08014,0.13347,0.016,0.286,Healthcare
BEN,22.877863,10.182102,1.2842268,1.7247003,10.439,0.06704,0.08124,0.17238002,0.087,0.872,Financial Services
BF-B,14.77193,14.834739,2.8385212,2.9924986,11.805,0.20417,0.20639,0.31913,0.02,0.013,Consumer Defensive
BF.B,16.45029,16.268766,3.1929624,3.3504968,13.034,0.20666,0.20828,0.2944,-0.054,-0.139,Consumer Defensive
BG,33.439472,12.245374,1.5452996,0.30575305,18.0,0.04933,0.00848,0.01075,0.878,-0.766,Consumer Defensive
BIIB,20.374596,11.875282,1.5219716,2.812079,8.908,0.077010006,0.13805,0.21039,0.019,0.311,Healthcare
BK,16.761787,14.137492,2.3668952,4.50351,,0.13472,0.28872,0.37389,0.134,0.418,Financial Services
BKNG,22.181818,13.673087,-24.065182,4.711906,13.473,,0.22227,0.23427,0.162,2.376,Consumer Cyclical
BKR,22.025558,24.271744,3.6120718,2.4653573,14.248,0.14552,0.09332,0.1251,0.003,-0.256,Energy
BLDR,20.331617,10.868355,2.0095537,0.5597784,10.264,0.10064,0.02865,0.0184,-0.121,-0.829,Industrials
BLK,25.791391,16.904615,2.843868,6.2182026,16.534,0.107159995,0.24396999,0.35638002,0.27,0.459,Financial Services
BMY,17.51156,9.8702,6.678056,2.5668912,8.047,0.40442002,0.14637,0.28163,0.013,13.921,Healthcare
BR,17.05205,14.886254,6.2410827,2.5036514,12.507,0.41793,0.14864,0.120249994,0.078,1.017,Technology
BRK-B,15.360525,19.932064,0.00096291484,2.788812,-2.124,0.09809,0.18029,0.32956,-0.007,-0.025,Financial Services
BRK.B,15.435381,19.946005,0.0009943036,2.7972517,-2.421,0.1017,0.18129,0.41103,0.021,0.172,Financial Services
BRO,20.078176,12.562619,1.6506883,3.3385656,11.481,0.11926,0.18360001,0.47180998,0.357,-0.079,Financial Services
BSX,25.97071,16.435678,3.7984211,4.4749627,19.849,0.12445,0.17294,0.21545,0.116,1.0,Healthcare
BX,31.192307,16.033245,10.92207,10.238806,,0.29533002,0.21031,0.38939,0.073,0.042,Financial Services
BXP,33.597702,28.038368,1.8007638,3.2372355,16.843,0.05525,0.099209994,0.29156,0.056,0.655,Real Estate
C,15.987638,10.462648,1.1757541,2.8736875,,0.07649,0.20356001,0.34078,0.169,0.561,Financial Services
CAG,,9.19137,0.92123777,0.67254865,8.202,-0.00511,-0.00387,0.105670005,-0.019,0.39,Consumer Defensive
CAH,27.712645,16.648483,-15.78396,0.18550374,14.167,,0.00679,0.01233,0.188,0.194,Healthcare
CARR,39.74556,21.186602,4.0686893,2.5804045,18.581,0.10925,0.06824,0.01923,-0.06,-0.978,Industrials
CAT,47.37147,31.811728,19.427504,6.1275783,29.484,0.43526,0.13144,0.16025,0.18,-0.114,Industrials
CB,11.770863,11.4146595,1.7801641,2.1184769,9.07,0.15433,0.18509,0.2049,0.101,0.787,Financial Services
CBOE,29.393547,22.680017,5.8554134,6.1946425,19.308,0.21621001,0.21287,0.32846,0.081,0.377,Financial Services
CBRE,33.93364,16.82145,5.1236954,1.030042,24.299,0.15597,0.031089999,0.01995,0.181,0.981,Real Estate
CCI,36.43038,29.18716,-22.968874,8.942786,24.902,-2.06679,0.25136,0.47722998,-0.048,0.066,Real Estate
CCL,11.975248,9.00656,2.5835738,1.258603,8.534,0.25632998,0.10366999,0.09652001,0.066,0.358,Consumer Cyclical
CDNS,76.91142,35.173992,16.382008,16.477295,44.784,0.20656,0.21180001,0.29258,0.187,0.23,Technology
CDW,17.65099,12.607069,7.1196084,0.8335622,11.865,0.43018,0.04756,0.08066,0.063,0.088,Technology
CEG,37.063004,23.92406,6.9618726,4.5910225,22.042,0.16364,0.09082,0.095979996,0.129,-0.489,Utilities
CF,12.026602,15.440551,3.2343664,2.3916018,6.378,0.21967,0.20472,0.33936,0.211,0.416,Basic Materials
CFG,15.2725115,10.137536,1.1428926,3.5943472,,0.07241,0.23969,0.32228002,0.107,0.348,Financial Services
CHD,30.362776,24.163927,5.47217,3.8181624,18.176,0.18594,0.12742,0.16057,0.05,,Consumer Defensive
CHRW,36.729294,25.101997,11.666453,1.3285756,26.685,0.32911,0.036170002,0.05071,-0.065,-0.085,Industrials
CHTR,4.9732194,3.7968867,1.4208413,0.41644105,6.056,0.28667998,0.09105,0.24741,-0.023,0.024,Communication Services
CI,13.095087,8.695839,1.8353387,0.2786997,8.295,0.1513,0.02167,0.0353,0.104,-0.093,Healthcare
CIEN,350.20242,36.810734,14.901475,8.120992,74.706,0.08201,0.044699997,0.13399,0.331,2.323,Technology
CINF,9.33219,17.825142,1.5941477,1.9529679,6.892,0.18735,0.21326,0.11841,0.116,0.673,Financial Services
CL,25.291317,21.95208,85.01883,3.6311018,15.802,2.93635,0.1447,0.2023,0.019,0.011,Consumer Defensive
CLX,15.78396,14.394632,-93.26886,1.7254721,11.896,9.87179,0.111719996,0.14047,-0.008,-0.162,Consumer Defensive
CMCSA,5.4039216,7.1857095,1.1292768,0.80162936,5.65,0.20918,0.15004,0.13145,0.053,-0.326,Communication Services
CME,24.30179,22.1077,3.848002,15.334056,21.553,0.15919,0.63313997,0.69661003,0.147,0.213,Financial Services
CMG,31.183487,24.971899,15.663594,3.6636043,19.729,0.47355,0.12878,0.15213001,0.049,0.04,Consumer Cyclical
CMI,28.195705,18.47862,6.4607863,2.3702245,17.159,0.23928,0.08444,0.08165,0.011,0.414,Industrials
CMS,21.198895,18.386475,2.5649252,2.6872015,14.042,0.103719994,0.12548,0.19816999,0.116,0.089,Utilities
CNC,,12.3126955,1.2372392,0.14865796,6.65,-0.26044,-0.03613,0.05069,0.042,0.186,Healthcare
CNP,26.055216,20.402576,2.4860973,2.9518251,14.128,0.09561,0.11379,0.22118,0.019,0.067,Utilities
COF,60.50154,8.224606,1.1333663,3.3351996,,0.03259,0.08876,0.28586,0.463,-0.043,Financial Services
COIN,37.00901,24.044134,2.7559373,6.0118804,15.027,0.26005,0.43664002,0.25254,0.589,4.306,Financial Services
COO,40.93583,15.288291,1.8002447,3.6134012,16.526,0.04868,0.09668,0.20778999,0.062,0.269,Healthcare
COP,19.807875,14.784723,2.3896646,2.5432959,7.209,0.12357,0.13252,0.16299999,-0.068,-0.39,Energy
COR,43.02395,18.33784,36.620792,0.21451785,15.238,1.33467,0.0049900003,0.011720001,0.055,0.148,Healthcare
COST,53.460094,43.976833,14.621604,1.5803437,32.543,0.30325,0.02961,0.03659,0.083,0.114,Consumer Defensive
CPAY,23.549868,12.000672,6.326855,5.523119,13.258,0.29071,0.23625,0.40941003,0.207,0.09,Technology
CPB,11.190721,9.405272,1.6146065,0.6448634,7.43,0.13891,0.0548,0.11622,-0.045,-0.172,Consumer Defensive
CPRT,23.09816,20.945293,3.7961283,7.8291354,15.866,0.18124,0.34243,0.37289003,0.007,0.108,Industrials
CPT,29.666666,75.458954,2.5605266,6.6528873,16.865,0.08598,0.24229,0.19797,0.022,2.876,Real Estate
CRH,21.491833,18.005196,3.2986991,2.113074,12.385,0.15684,0.10022,0.15059,0.062,0.484,Basic Materials
CRL,,13.663882,2.5542767,2.0130463,12.654,-0.04232,-0.03595,0.09307,-0.008,-0.173,Healthcare
CRM,26.041443,13.081609,3.0795376,4.4657454,15.47,0.123959996,0.17958,0.19239001,0.121,0.179,Technology
CRWD,,69.00304,24.30478,22.326302,598.659,-0.04137,-0.033770002,0.011619999,0.233,,Technology
CSCO,27.643885,17.01795,6.3691363,5.1417623,19.132,0.23754999,0.18756,0.24906999,0.097,0.312,Technology
CSGP,494.4286,19.461641,1.735446,4.5175567,66.41,0.00088,0.0021600001,0.05501,0.269,-0.259,Real Estate
CSX,27.858896,21.140694,6.419282,5.962694,15.702,0.23684,0.21553,0.35985002,0.017,0.265,Industrials
CTAS,38.362255,32.686626,15.8723755,6.553603,26.068,0.43396,0.17584999,0.23417999,0.093,0.11,Industrials
CTRA,14.162037,11.177083,1.5709738,3.046506,5.518,0.12275,0.22459,0.29148,0.411,0.211,Energy
CTSH,11.475054,8.592321,1.6640977,1.1689106,6.554,0.14876,0.10413,0.15574001,0.058,0.036,Technology
CTVA,41.41143,17.859123,2.017539,2.8142233,12.764,0.04974,0.06287,0.057290003,-0.017,,Basic Materials
CVNA,46.840237,36.992382,16.360104,4.2985106,27.861,0.67946,0.06924,0.07567,0.58,9.467,Consumer Cyclical
CVS,56.06475,9.513322,1.3168968,0.24796143,11.453,0.022869999,0.00442,0.01572,0.084,0.753,Healthcare
CVX,24.915493,19.553852,1.8762462,1.8889592,10.197,0.07316,0.06767,0.098529994,-0.014,-0.266,Energy
D,20.77451,16.606495,2.0332642,3.2886992,14.635,0.09945,0.18163,0.22038001,0.204,0.062,Utilities
DAL,9.90073,8.31375,2.1701012,0.68362546,7.803,0.2499,0.068670005,0.03179,0.129,0.446,Industrials
DASH,88.98485,22.612436,7.995916,6.0101013,72.237,0.100430004,0.0683,0.08009,0.273,0.459,Consumer Cyclical
DAY,,25.406652,4.11026,5.851381,104.554,-0.05706,-0.07912,-0.25831,0.095,,Technology
DD,235.38097,19.694012,1.4531398,3.023792,15.707,0.0051700003,-0.11374,0.13585,-0.452,,Basic Materials
DDOG,406.87094,47.81582,11.858782,12.905766,3201.609,0.03343,0.03144,0.0100300005,0.292,-0.03,Technology
DE,35.76445,30.055252,6.896839,3.9329207,25.332,0.20427999,0.11017,0.12385,0.126,-0.137,Industrials
DECK,16.951704,16.643887,7.1328664,3.375707,10.286,0.43312,0.19364001,0.2282,0.091,0.144,Consumer Cyclical
DELL,19.796791,10.410317,-39.989197,0.87409717,9.935,,0.05228,0.07918,0.395,0.46,Technology
DG,22.770292,16.472876,3.4101548,0.67924863,13.696,0.18992001,0.0354,0.055560004,0.059,1.22,Consumer Defensive
DGX,22.023178,17.257887,3.0611212,1.9638083,13.05,0.14538999,0.0908,0.14162,0.092,0.155,Healthcare
DHI,15.419719,13.516895,1.9805825,1.4031557,11.982,0.13084,0.09513,0.11257,-0.023,-0.132,Consumer Cyclical
DHR,34.673786,19.644428,2.4028473,5.1007586,18.179,0.0708,0.14887999,0.22937,0.037,0.098,Healthcare
DIS,15.742647,14.544699,1.7526484,1.9833788,11.972,0.12024,0.128,0.15361,0.052,-0.043,Communication Services
DLR,55.865925,65.95045,3.0959754,11.477467,31.723,0.05469,0.2152,0.14147,0.171,-0.534,Real Estate
DLTR,20.357954,14.53192,5.682491,1.1294421,12.289,0.31693,0.06607,0.13514,0.09,0.106,Consumer Defensive
DOC,167.8,65.803925,1.5549996,4.131518,13.86,0.01164,0.02528,0.1925,0.031,24.441,Real Estate
DOV,28.062422,19.41959,4.0931606,3.6556396,17.745,0.15285,0.13304,0.14896,0.101,0.053,Industrials
DOW,,23.162182,1.7321564,0.7084453,16.749,-0.15262,-0.07244,-0.00041,-0.061,-0.733,Basic Materials
DPZ,19.14228,15.808273,-2.84978,2.220183,15.882,,0.118879996,0.19344999,0.035,-0.046,Consumer Cyclical
DRI,21.26178,17.83473,10.281533,1.877908,15.928,0.54104,0.08924,0.10393,0.073,0.118,Consumer Cyclical
DTE,21.577524,18.170776,2.5613792,1.9954334,15.659,0.12177,0.09245,0.15921,0.289,0.255,Utilities
DUK,19.985737,17.630857,1.9287592,3.0421832,12.763,0.09724,0.15411,0.26505,0.144,-0.014,Utilities
DVA,14.93796,8.995398,-14.956833,0.74450177,8.44,0.64848,0.05474,0.15228,0.099,0.065,Healthcare
DVN,10.533019,10.200306,1.7860428,1.7468024,4.686,0.17736,0.16473,0.22656,-0.121,-0.08,Energy
DXCM,28.492825,19.890444,8.345011,4.9289436,18.521,0.34497002,0.17939,0.25643,0.131,0.78,Healthcare
EA,73.85447,21.577856,8.048224,6.7797313,36.136,0.10027,0.09307,0.08574,0.01,-0.685,Communication Services
EBAY,23.898384,15.447936,10.068107,4.17649,18.703,0.40847,0.18297,0.16223,0.15,-0.184,Consumer Cyclical
ECL,35.7476,27.191097,7.522009,4.473517,20.112,0.22427,0.12798999,0.16715999,0.1,0.078,Basic Materials
ED,19.6007,18.614088,1.6717702,2.4345155,11.227,0.08839,0.122700006,0.25342,0.107,0.124,Utilities
EFX,30.797535,17.028845,4.596043,3.3595395,13.759,0.1437,0.11123,0.17448,0.143,0.34,Industrials
EG,7.2630296,5.861568,0.9391461,0.8139552,,0.10847,0.0907,0.1233,-0.029,-0.484,Financial Services
EIX,7.553261,10.671412,1.5653368,1.3636254,8.202,0.18864,0.18124,0.27492002,0.077,-0.632,Utilities
EL,,33.309113,8.935501,2.4432578,18.683,-0.04341,-0.012130001,0.14282,0.056,,Consumer Defensive
ELV,14.596105,11.86013,1.7341267,0.37356752,8.209,0.12086,0.02616,0.05303,0.026,-0.168,Healthcare
EME,29.972101,27.359745,10.805108,2.2374327,19.691,0.39229,0.07537,0.08726,0.197,0.3,Industrials
EMR,37.085995,21.09612,4.183481,4.6667333,17.138,0.09646,0.12718001,0.24597,0.041,0.049,Industrials
EOG,13.296378,10.887815,2.183073,2.922242,6.051,0.16829,0.22004,0.30012,-0.041,-0.417,Energy
EPAM,21.213415,9.878528,2.0619962,1.4630028,11.759,0.10207,0.070149995,0.10682,0.194,-0.194,Technology
EQIX,74.781075,49.494507,7.5136,11.532663,31.441,0.09722,0.14579001,0.21540001,0.081,0.229,Real Estate
EQR,26.257027,43.765224,2.2405756,8.113991,17.647,0.08671,0.30632,0.27398002,0.025,-0.646,Real Estate
EQT,11.182163,12.444672,1.548304,3.9224482,6.009,0.13402,0.35018003,0.56394,0.525,4.9,Energy
ERIE,21.374199,16.675232,5.349913,3.0034873,15.732,0.26194,0.13752,0.17164,0.029,-0.584,Financial Services
ES,20.265194,14.031115,1.7167865,2.0933037,12.236,0.0861,0.102189995,0.22489001,0.051,,Utilities
ESS,29.574158,44.379883,3.0609374,9.227802,18.882,0.105579995,0.29132,0.35173,0.064,-0.478,Real Estate
ETN,33.972225,22.956686,7.0878716,5.0303493,24.389,0.21525998,0.1489,0.19872,0.131,0.188,Industrials
ETR,30.079082,23.558252,3.1516628,4.1693325,14.636,0.10774,0.13581,0.18986,0.079,-0.208,Utilities
EVRG,21.78904,17.442396,1.7793539,3.1143994,12.269,0.08454,0.1445,0.36201,-0.001,0.005,Utilities
EW,46.491714,25.122252,4.726997,7.9959106,23.84,0.10353,0.17692,0.237,0.133,-0.766,Healthcare
EXC,17.758242,16.062181,1.7007543,2.0184755,11.094,0.09936,0.11411,0.21858999,-0.011,-0.083,Utilities
EXE,7.6004467,10.451657,1.2547137,1.8861706,3.637,0.17568001,0.24906999,0.3404,0.41,,Energy
EXPD,23.570034,22.502869,8.225064,1.7744304,16.454,0.35431,0.07321,0.08786,-0.033,-0.115,Industrials
EXPE,21.656824,9.62847,19.57026,1.8309389,13.502,0.53886,0.096590005,0.25566998,0.087,0.454,Consumer Cyclical
EXR,32.208992,29.982283,2.253014,9.091164,19.484,0.0683,0.27142,0.43982,0.038,-0.107,Real Estate
F,11.965813,6.5319896,1.3402863,0.25874218,34.52,-0.20193,-0.04369,-0.0669,-0.048,1.727,Consumer Cyclical
FANG,11.789881,13.056722,1.2914227,3.2199345,6.747,0.03735,0.11146,-0.69799006,0.086,0.1,Energy
FAST,39.486725,32.649418,12.989811,6.2482066,30.858,0.33291,0.15345,0.18955,0.111,0.093,Industrials
FCX,32.301586,16.048811,4.6387053,3.3857286,11.745,0.13946,0.08505,0.14397,-0.015,0.477,Basic Materials
FDS,14.483459,11.745527,3.9488697,3.5483356,10.405,0.28084,0.24481001,0.30271,0.071,-0.045,Financial Services
FDX,19.880888,16.190662,3.0421846,0.93983567,,0.15886,0.04814,0.0764,0.139,-0.133,Industrials
FE,25.826086,16.135714,2.1950207,1.7920883,11.451,0.094610006,0.06944,0.20514,0.116,0.129,Utilities
FFIV,26.614626,18.528912,5.207563,5.8466973,18.379,0.20844,0.22455,0.26037002,0.073,0.099,Technology
FICO,32.519035,19.012444,-13.47089,10.537573,23.765,,0.33675,0.58187,0.387,0.69,Technology
FIS,159.53125,7.445305,1.8988988,2.4976516,10.394,0.026010001,0.03578,0.19309999,0.082,0.879,Technology
FISV,9.277602,6.489423,1.2246513,,,,,,,,Financials
FITB,14.260623,10.282388,1.6680473,5.4561424,,0.121929996,0.30186,0.41089,0.116,0.209,Financial Services
FIX,59.706676,39.363064,94.04086,6.672616,44.545,0.49238998,0.112349994,0.07885,0.01,0.388,Industrials
FOX,13.9928055,11.646706,2.270693,1.6431973,8.727,0.16823,0.11407,0.11347,0.02,-0.358,Communication Services
FOXA,15.534772,12.4180975,2.5209167,1.6622727,9.543,0.16823,0.11407,0.11347,0.02,-0.358,Communication Services
FRT,26.598986,32.32074,2.9595325,7.234444,17.711,0.10516,0.27586,0.34465,0.06,-0.011,Real Estate
FSLR,14.197609,8.314626,2.2714128,4.1562886,8.586,0.1745,0.2928,0.32560003,0.111,0.323,Technology
FTNT,34.198345,24.97111,83.59596,9.674917,26.103,2.28043,0.28584,0.31648,0.144,-0.114,Technology
FTV,37.603775,18.738834,2.903555,4.4256935,18.951,0.06396,0.13926,0.20125,0.046,-0.026,Technology
GD,22.28479,19.090794,3.6279528,1.7745428,15.591,0.17658001,0.08011,0.1014,0.078,0.004,Industrials
GDDY,13.953377,8.199339,54.3797,2.3261023,11.29,1.92901,0.17673,0.25135002,0.068,0.317,Technology
GE,35.116917,32.570618,15.853782,6.105959,27.113,0.45428002,0.17863001,0.20207001,0.247,-0.018,Industrials
GEHC,14.589928,11.17612,2.6714675,1.3191977,9.909,0.19462,0.091000006,0.10037,0.074,-0.309,Healthcare
GEN,25.0,8.464193,6.5950503,3.3434753,11.272,0.25027,0.12743,0.36475,0.253,-0.192,Technology
GEV,33.543198,47.17453,27.71002,7.842802,92.591,0.75708,0.23809999,0.019270001,0.163,18.165,Industrials
GILD,22.390854,15.771288,8.329309,6.398675,14.22,0.40655,0.28903,0.37401,0.047,0.235,Healthcare
GIS,7.9591393,11.124905,2.1140115,1.0749365,10.008,0.23591,0.12053,0.13021,-0.084,-0.5,Consumer Defensive
GL,10.565097,9.189482,2.019619,1.9704405,8.999,0.20589,0.19383,0.23604,0.054,0.126,Financial Services
GLW,78.96154,40.791492,11.921318,9.12724,36.75,0.1674,0.1109,0.16747,0.2,1.389,Technology
GM,28.062044,5.4835925,1.1179122,0.37551677,9.594,0.040149998,0.0137600005,0.0936,-0.009,-0.158,Consumer Cyclical
GNRC,80.75701,24.828867,5.778259,3.6185129,28.49,0.06283,0.03791,-0.00853,-0.116,-0.407,Industrials
GOOG,29.177998,28.233086,11.118097,11.469502,27.578,0.35705003,0.32810003,0.31568,0.18,0.311,Communication Services
GOOGL,29.329268,28.444496,11.20135,11.555809,27.79,0.35705003,0.32810003,0.31568,0.18,0.311,Communication Services
GPC,249.52274,13.11226,3.4159927,0.6184141,10.621,0.01342,0.00243,0.05771,0.068,-0.021,Consumer Cyclical
GPN,12.177542,4.927094,0.82986045,2.916078,11.636,0.04824,0.18169,0.29319,-0.246,-0.593,Industrials
GRMN,28.029018,24.794643,5.3913527,6.6856117,21.869,0.19783,0.22964,0.28902,0.166,0.212,Technology
GS,16.605148,13.924234,2.5517502,4.5446725,,0.13861,0.28917998,0.38319,0.152,0.173,Financial Services
GWW,33.450665,24.508703,13.571503,3.1542037,21.476,0.46098998,0.09508,0.14328,0.045,-0.022,Industrials
HAL,21.906078,13.880332,3.0786555,1.4937072,9.425,0.14626999,0.06947,0.12569,-0.003,1.335,Energy
HAS,,16.606472,25.234781,3.031934,14.468,-0.36355,-0.06858,0.20575,0.313,0.031,Consumer Cyclical
HBAN,12.615385,8.60531,1.1210608,4.00445,,0.083859995,0.26584,0.29689,0.34,-0.265,Financial Services
HCA,15.25432,12.975409,-16.116121,1.2788972,10.125,,0.08974,0.16287,0.067,0.445,Healthcare
HD,26.3591,22.961382,29.069984,2.2674253,17.468,1.45541,0.08596,0.100760005,-0.038,-0.145,Consumer Cyclical
HIG,9.461646,9.256148,1.9969106,1.3030941,7.436,0.21656,0.13518,0.20019,0.067,0.382,Financial Services
HII,25.82922,19.487467,3.076905,1.2503287,14.729,0.124239996,0.048460003,0.05926,0.157,0.284,Industrials
HLT,49.55199,31.06395,-12.530741,14.548217,28.014,,0.30408,0.5736,0.11,0.35,Consumer Cyclical
HOLX,31.091286,15.193174,3.3036463,4.0794396,12.682,0.11116,0.13796,0.32736,0.062,0.111,Healthcare
HON,30.716137,18.586983,9.740017,3.5867188,18.968,0.24264,0.1089,0.18997999,-0.069,-0.419,Industrials
HOOD,35.383495,28.06484,7.049323,14.234047,,0.21461001,0.41123,0.38519,0.151,0.027,Financial Services
HPE,,7.883459,1.1495547,0.80013,9.177,-0.00471,-0.0033000002,0.07644,0.184,-0.303,Technology
HPQ,7.0981126,6.2615886,-22.74486,0.31268102,5.256,,0.04462,0.061160002,0.069,-0.017,Technology
HRL,29.425287,16.191874,1.7718716,1.1595831,12.891,0.061160002,0.0403,0.073920004,0.013,0.065,Consumer Defensive
HSIC,25.700315,13.785088,2.8740256,0.76362157,14.314,0.08347999,0.03022,0.05412,0.077,0.134,Healthcare
HST,18.933964,20.725336,2.0720627,2.3496284,11.97,0.109239995,0.12403,0.073520005,0.009,0.966,Real Estate
HSY,42.896076,18.837938,8.125465,3.2198055,21.849,0.1889,0.07554,0.14703,0.07,-0.598,Consumer Defensive
HUBB,30.7237,23.522947,7.0329113,4.622238,21.975,0.24542,0.15178001,0.19126,0.119,0.138,Industrials
HUM,25.260685,15.537068,1.6148068,0.21893002,5.926,0.07039,0.00916,-0.01793,0.113,-0.593,Healthcare
HWM,67.26076,46.64451,18.790178,12.204257,43.243,0.30443,0.18274,0.26614,0.146,0.197,Industrials
IBKR,32.575108,27.010485,6.303987,5.2478385,,0.2356,0.16106,0.76811,0.168,0.216,Financial Services
IBM,20.529203,17.27907,6.6574826,3.1640027,16.689,0.35772,0.15606,0.110819995,0.095,0.142,Technology
ICE,27.446178,18.126698,3.100047,9.016921,17.528,0.11885,0.33380002,0.49561,0.078,0.234,Financial Services
IDXX,49.116882,39.27577,31.998207,11.952086,34.094,0.66202,0.24618,0.28939,0.143,0.176,Healthcare
IEX,32.22633,24.277525,4.0351562,4.588163,18.245,0.12748,0.14382,0.20273,0.089,0.278,Industrials
IFF,,17.255825,1.4984384,1.9533359,13.327,-0.02649,-0.03434,0.049050003,-0.066,-0.31,Basic Materials
INCY,13.456214,10.531226,3.658883,3.5503032,10.192,0.30823,0.26707,0.25471002,0.209,0.838,Healthcare
INTC,900.6667,60.42327,3.6068869,7.841262,28.128,0.00022,-0.00505,0.051409997,-0.041,,Technology
INTU,28.112026,15.496143,5.9363165,5.659458,,0.23457001,0.2157,0.15697,0.41,-0.185,Technology
INVH,30.284212,41.034344,1.8438762,6.3458557,17.062,0.060939997,0.21632999,0.26999,0.043,0.024,Real Estate
IP,,10.986828,1.0833719,0.6815169,6.883,-0.24678,-0.14877,0.064770006,0.531,,Consumer Cyclical
IQV,23.914541,13.269233,4.8898106,1.957667,13.007,0.21438,0.083380006,0.14918,0.103,0.236,Healthcare
IR,53.959457,20.709614,3.0957086,4.016269,16.772,0.057150003,0.075440004,0.15683,0.076,0.065,Industrials
IRM,257.12244,48.873493,-37.983116,5.4304233,22.838,,0.02095,0.21956,0.166,-0.142,Real Estate
ISRG,58.250607,40.792957,9.539388,16.070757,42.472,0.17232999,0.28152,0.31081,0.23,0.188,Healthcare
IT,15.657054,10.473429,19.917463,1.7824323,9.738,1.0925701,0.1371,0.19069,0.022,-0.342,Technology
ITW,24.595806,21.259222,23.088144,4.63466,18.244,0.93718004,0.1911,0.26753,0.041,0.073,Industrials
IVZ,18.47619,8.878335,1.1971864,1.7624679,10.146,-0.01535,-0.03692,0.191,0.141,0.35,Financial Services
J,38.023808,17.906353,4.9074707,1.3698696,15.12,0.09726,0.03495,0.07434,0.123,-0.634,Industrials
JBHT,38.115086,27.16492,6.429677,1.9107627,14.788,0.16676001,0.051269997,0.06774,0.046,0.271,Industrials
JBL,39.691708,17.412863,20.003944,0.8293846,12.91,0.59696996,0.02477,0.046729997,0.231,0.962,Technology
JCI,46.191273,25.08858,6.380069,3.5152876,21.84,0.12640001,0.14169,0.14715,0.068,0.342,Industrials
JKHY,25.388811,25.414335,5.9067397,5.2175603,18.139,0.2345,0.20587,0.25697002,0.079,0.284,Technology
JNJ,21.263826,18.468836,6.925734,5.8655667,17.722,0.35029998,0.21834,0.26723,0.099,-0.529,Healthcare
JPM,14.830144,13.125478,2.414317,4.81649,,0.16465001,0.33936,0.43051997,0.127,0.172,Financial Services
KDP,21.644444,11.571864,1.5559105,2.3460755,16.2,0.06312,0.10812,0.19014,0.094,-0.477,Consumer Defensive
KEY,13.374232,10.250671,1.3440198,3.2920818,,0.09972,0.27028,0.35779998,0.117,0.337,Financial Services
KEYS,60.075542,29.936327,8.366466,9.145621,40.833,0.17222999,0.16946,0.155,0.233,0.68,Technology
KHC,,11.287606,0.7047657,1.1770004,8.271,-0.12837,-0.23437999,0.17863001,-0.034,-0.69,Consumer Defensive
KIM,28.829268,27.552448,1.5334716,7.4495454,18.484,0.055370003,0.27323,0.33007,0.032,-0.068,Real Estate
KKR,43.36134,12.781214,3.379728,3.7017133,,0.08946,0.09182,0.32793,0.775,0.05,Financial Services
KLAC,49.68351,36.270744,41.996975,18.045475,41.616,1.00726,0.35764,0.41313,0.072,0.409,Technology
KMB,19.038685,13.025768,21.752485,1.9734772,11.517,1.11727,0.12798999,0.19649,0.027,0.179,Consumer Defensive
KMI,21.302013,21.516165,2.2660098,4.0296593,14.03,0.10597,0.18917,0.29909,0.138,0.367,Energy
KO,24.767296,22.664684,10.076766,6.876558,22.226,0.43372002,0.278,0.3495,0.121,0.182,Consumer Defensive
KR,65.58407,13.132969,6.006646,0.33263624,9.406,0.14405,0.0068800002,0.03516,0.012,0.501,Consumer Defensive
KVUE,24.88,15.556741,3.3615563,2.3639426,12.829,0.14481,0.097200006,0.18069,0.032,0.112,Consumer Defensive
L,16.072464,38.24138,1.254681,1.2593665,9.251,0.08182,0.07949,0.16677,0.046,0.334,Financial Services
LDOS,16.473833,13.680577,4.5315957,1.3168145,10.862,0.31034002,0.084309995,0.11243,-0.036,0.197,Technology
LEN,11.899749,11.363188,1.0680825,0.68780977,6.448,0.08406,0.06079,0.0769,-0.058,-0.526,Consumer Cyclical
LH,24.52722,13.315724,2.4488862,1.5166839,12.41,0.10509,0.06282,0.105500005,0.056,0.157,Healthcare
LHX,37.623238,23.739397,3.118767,4.657297,36.406,0.08191,0.103690006,0.097270004,1.9,-0.061,Industrials
LII,23.751776,20.146904,16.002214,3.5413053,17.242,0.76791,0.1509,0.14439,0.058,-0.006,Industrials
LIN,30.002678,22.983366,5.4201384,6.2734003,18.064,0.17979999,0.21170999,0.2794,0.031,0.27,Basic Materials
LLY,40.670147,22.202578,31.515762,12.809829,25.15,1.01159,0.31667,0.44896,0.426,0.514,Healthcare
LMT,24.852373,16.032858,17.494633,1.5755169,17.586,0.6764,0.06382,0.110039994,0.003,-0.115,Industrials
LNT,23.38535,19.953533,2.574504,4.3478317,16.353,0.11299,0.18569,0.16729,0.09,-0.058,Utilities
LOW,21.901491,19.275927,-14.966907,1.7199887,15.522,,0.07712,0.08298001,0.109,-0.108,Consumer Cyclical
LRCX,50.524525,34.600163,33.022568,15.444689,41.072,0.66762,0.30938998,0.35152,0.238,0.408,Technology
LULU,11.521921,12.433018,3.88735,1.7684875,7.06,0.34013,0.14224,0.22311,0.008,-0.185,Consumer Cyclical
LUV,26.300001,8.725289,2.5484498,0.6707152,9.881,0.10062,0.02829,0.04552,0.128,0.508,Industrials
LVS,19.487085,14.44882,22.415112,2.5506315,9.814,0.73263,0.13406,0.25439,0.253,0.73,Consumer Cyclical
LW,16.394928,14.927736,3.5818887,0.9740639,8.137,0.23164,0.060599998,0.09474,0.011,,Consumer Defensive
LYB,,10.890292,1.4878694,0.41748568,11.086,-0.10584,-0.03198,0.06044,-0.102,,Basic Materials
LYV,113.28058,81.19676,69.48808,1.4881735,18.467,0.5636,0.03659,0.09149,0.111,-0.561,Communication Services
MA,30.406286,22.178057,58.114166,13.563804,23.236,2.09915,0.45646998,0.57733,0.176,0.242,Financial Services
MAA,39.264435,33.208225,2.6661987,6.9755254,16.652,0.07645,0.2023,0.28384,0.01,-0.658,Real Estate
MAR,37.337536,27.339018,-25.03384,3.5747392,24.339,,0.09882,0.03807,0.042,0.016,Consumer Cyclical
MAS,18.361387,15.797802,-61.816666,1.9487772,12.703,84.57143,0.109,0.16528,0.065,0.2,Industrials
MCD,27.412552,22.803703,-130.61403,8.694905,22.608,,0.3185,0.45028,0.097,0.083,Consumer Cyclical
MCHP,,28.188915,5.7850676,9.752009,54.253,-0.02854,-0.04394,0.08347999,-0.02,-0.816,Technology
MCK,27.36314,21.471506,-89.896706,0.29423305,20.967,,0.01091,0.01545,0.114,0.38,Healthcare
MCO,32.738693,24.541868,26.931026,10.311021,22.529,0.71361,0.31691,0.45743,0.081,0.078,Financial Services
MDLZ,30.415842,18.296278,3.047468,2.0066009,18.885,0.101610005,0.06638,0.093059994,0.082,0.413,Consumer Defensive
MDT,26.444445,16.002388,2.5712104,3.527158,15.368,0.09822,0.13,0.19240999,0.087,-0.118,Healthcare
MET,15.780991,6.9286704,1.7435967,0.65287405,12.728,0.11963,0.04384,0.04724,0.276,-0.342,Financial Services
META,22.251272,16.91387,7.126253,7.729101,16.646,0.30238,0.30084,0.41314998,0.238,0.107,Communication Services
MGM,51.23684,16.901628,4.1394706,0.5680318,17.062,0.1489,0.01174,0.07059,0.06,1.157,Consumer Cyclical
MKC,8.008197,14.552983,1.880582,1.8446703,13.498,0.25347,0.23117,0.14344,0.167,5.283,Consumer Defensive
MLM,37.84046,26.691462,3.721692,6.0711184,20.343,0.10159001,0.18488,0.23091999,0.086,-0.041,Basic Materials
MMC,21.932774,17.72059,5.9080324,3.395445,14.053,0.28734,0.15601,0.19240999,0.115,0.0,Financial Services
MMM,27.907513,15.332029,22.816635,3.018854,13.364,0.71458,0.11137,0.23316999,0.013,-0.397,Industrials
MNST,48.46591,33.194668,10.759335,10.449712,32.924,0.25538,0.21654,0.25463,0.176,0.666,Consumer Defensive
MO,17.633495,12.494712,-34.727535,6.031253,8.668,,0.34495,1.16696,-0.005,-0.629,Consumer Defensive
MOH,8.115835,8.481222,1.6029011,0.16664077,3.085,0.19708,0.020610001,0.01249,0.116,-0.734,Healthcare
MOS,7.0362697,11.311152,0.7133477,0.7152764,5.565,0.048249997,0.04486,0.03497,0.056,2.395,Basic Materials
MPC,14.813162,14.758504,3.4476507,0.44119245,9.884,0.24292,0.03033,0.07023,-0.005,3.51,Energy
MPWR,125.83087,62.195316,22.26711,28.417044,94.429,0.19173999,0.22272,0.26617,0.208,-0.862,Technology
MRK,14.997252,11.239333,5.135949,4.1479354,10.663,0.36882,0.28078,0.32773998,0.05,-0.193,Healthcare
MRNA,,-9.202982,1.7697594,7.392778,-3.656,-0.29317,-1.39606,-0.25591,-0.454,,Healthcare
MRSH,21.975,15.545499,5.6449285,3.0863926,14.372,0.27571,0.14264,0.23746,0.076,-0.154,Financial Services
MS,17.118769,15.106858,2.933491,4.0973544,,0.15729,0.24753,0.40616,0.163,0.319,Financial Services
MSCI,34.152485,26.665508,-15.715186,13.425645,26.57,,0.40737998,0.53701997,0.141,0.491,Financial Services
MSFT,25.550125,21.183245,7.750261,9.92223,18.177,0.34390998,0.39044,0.47094002,0.167,0.598,Technology
MSI,36.2449,25.500303,31.84332,6.585432,24.858,1.04197,0.18439,0.26538,0.123,0.083,Technology
MTB,12.284672,10.470956,1.2610301,3.4899378,,0.102910005,0.31482,0.38896,0.057,0.317,Financial Services
MTCH,12.962184,7.6543837,-28.302752,2.128699,10.392,,0.17591,0.33409,0.021,0.401,Communication Services
MTD,34.253616,27.036547,-112.596924,7.178012,25.366,,0.21202,0.28497,0.079,0.061,Healthcare
MU,40.161446,4.3716197,6.5717707,8.189712,13.49,0.39823002,0.41486,0.67624,1.963,7.56,Technology
NCLH,15.187051,7.792889,4.3489904,0.9779085,9.825,0.23285,0.043070003,0.08315,0.064,-0.096,Consumer Cyclical
NDAQ,27.078314,20.476822,4.1901655,9.430357,18.101,0.162,0.35283002,0.48401,0.137,0.338,Financial Services
NDSN,34.498825,24.04658,5.4004445,5.8775234,21.143,0.16215,0.17354,0.2916,0.01,0.267,Industrials
NEE,24.182741,21.742107,3.6344218,7.1301103,22.259,0.10325,0.29369,0.30175,0.073,1.6,Utilities
NEM,15.634715,11.026396,3.8794072,5.750052,8.555,0.22343999,0.31254,0.58111,0.206,-0.046,Basic Materials
NFLX,31.390324,25.229258,15.436231,9.135691,33.896,0.42762002,0.24304001,0.24535,0.176,0.327,Communication Services
NI,24.400002,20.913122,2.347104,3.3029811,13.839,0.0907,0.13994001,0.26975,0.198,0.115,Utilities
NKE,29.072369,22.728676,4.6432695,1.4061462,19.776,0.16016,0.04836,0.04903,0.001,-0.348,Consumer Cyclical
NOC,18.421944,19.447472,5.0045557,1.9701037,13.58,0.28511998,0.108009994,0.11689,0.044,0.849,Industrials
NOW,53.67262,17.94703,7.28411,6.692711,29.421,0.1607,0.12586,0.13369,0.221,0.023,Technology
NRG,27.146708,16.106842,33.482273,1.2746844,16.02,0.41548002,0.02813,0.04256,0.137,-0.913,Utilities
NSC,25.055641,23.864672,4.615018,5.894739,15.811,0.19248,0.23587999,0.3117,-0.017,-0.114,Industrials
NTAP,17.271778,11.744483,19.90763,2.9817939,11.684,1.25346,0.17733999,0.24751,0.028,0.063,Technology
NTRS,17.318325,14.110426,2.5350235,3.664761,,0.14462,0.22364001,0.31721002,0.139,0.426,Financial Services
NUE,22.0625,14.872353,2.425085,1.482615,11.559,0.12285,0.06824,0.11826,0.213,3.821,Basic Materials
NVDA,45.651848,17.427935,37.794357,24.054018,41.726,1.07359,0.53007,0.63168997,0.625,0.667,Technology
NVR,15.883437,15.491856,4.7109146,1.791584,10.592,0.33257,0.12489,0.13517,-0.214,-0.285,Consumer Cyclical
NWS,33.0,23.074202,1.7744234,1.7891034,14.897,0.070250005,0.138,0.10448,0.023,-0.052,Communication Services
NWSA,29.168674,20.39527,1.5684115,1.6624401,13.234,0.070250005,0.138,0.10448,0.023,-0.052,Communication Services
NXPI,28.041069,17.093185,7.3821974,5.875781,16.999,0.25812998,0.21031,0.47375,0.122,1.307,Technology
O,62.242985,38.167282,1.5771899,10.8148155,17.634,0.02702,0.18370001,0.49446,0.11,0.412,Real Estate
ODFL,43.981365,34.42057,10.276716,8.114738,25.397,0.23331,0.18461001,0.23775999,-0.029,-0.042,Industrials
OKE,16.481283,15.038499,2.5894082,1.7322145,12.215,0.15489,0.1009,0.16976999,0.295,-0.015,Energy
OMC,11.938053,6.1948853,1.9941258,1.3784821,10.474,0.00479,-0.00316,0.14877,0.279,-0.103,Communication Services
ON,245.44829,17.687151,3.6802647,4.7772117,15.559,0.01498,0.020179998,0.18822001,-0.112,-0.487,Technology
ORCL,29.917294,20.018314,13.643065,7.1390276,20.886,0.57572,0.25298,0.32676,0.217,0.245,Technology
ORLY,33.468014,27.80614,-109.592064,4.68708,21.446,,0.14274,0.18771,0.078,0.139,Consumer Cyclical
OTIS,20.731382,16.524248,-5.635075,2.0527167,14.369,,0.101110004,0.15115,0.064,0.426,Industrials
OXY,37.889706,29.028042,1.814756,1.9084955,5.981,0.05955,0.08169,0.17723,-0.077,-0.334,Energy
PANW,95.56329,37.798058,11.316895,12.3324585,68.051,0.16259001,0.12956999,0.15305,0.149,0.605,Technology
PAYC,15.508663,11.168459,3.9658828,3.3534558,8.451,0.27417,0.22099,0.28881,0.102,0.022,Technology
PAYX,21.122171,15.805619,8.637247,5.5541525,12.569,0.40884998,0.26446,0.41667,0.183,-0.035,Technology
PCAR,25.276598,17.58877,3.2401474,2.2503047,21.845,0.13108,0.08913,0.09955,-0.089,0.197,Industrials
PCG,12.87597,9.219736,1.179185,1.4159776,10.583,0.08826999,0.110089995,0.22846001,0.15,0.41,Utilities
PEG,20.63702,18.183859,2.5186293,3.6569695,14.904,0.12579,0.17768,0.2703,0.221,0.192,Utilities
PEP,24.751963,17.272354,10.562031,2.2580183,13.681,0.43879002,0.09149,0.16824,0.085,0.278,Consumer Defensive
PFE,19.691177,9.409467,1.640831,2.4331367,8.129,0.085760005,0.124180004,0.21006,-0.012,-0.213,Healthcare
PFG,14.252511,9.820873,1.8171176,1.3760887,11.659,0.10524,0.075840004,0.14107999,-0.037,-0.409,Financial Services
PG,21.95259,20.573696,6.587827,4.0612383,14.758,0.31562,0.19299999,0.26297,0.015,-0.054,Consumer Defensive
PGR,10.304171,12.56325,3.702729,1.3253008,8.261,0.37903,0.12927,0.16393,0.087,0.098,Financial Services
PH,33.214756,26.726974,8.0206375,5.6098833,24.084,0.25781,0.17287001,0.21724,0.091,-0.09,Industrials
PHM,11.471223,11.353623,1.8931996,1.4564867,8.645,0.16178,0.121400006,0.12961,-0.124,-0.304,Consumer Cyclical
PKG,24.810022,17.537268,4.10249,2.0606172,12.048,0.17198,0.080419995,0.10925999,0.106,-0.155,Consumer Cyclical
PLD,40.87324,44.191326,2.5376008,14.465916,26.995,0.06844,0.39754,0.35994,0.041,0.614,Real Estate
PLTR,221.49205,77.35119,45.08562,74.313194,256.914,0.25983,0.36310002,0.40901002,0.7,6.812,Technology
PM,23.094233,17.904379,-25.576323,6.1675625,16.376,,0.26742,0.38419,0.091,-0.093,Consumer Defensive
PNC,13.062755,10.7544775,1.6008346,4.062805,,0.12158,0.31075,0.39262,0.096,0.291,Financial Services
PNR,20.278894,13.876948,3.4050543,3.10382,13.657,0.1761,0.15975,0.20257,0.026,0.13,Industrials
PNW,20.575258,17.723934,1.666277,2.2505183,12.929,0.087749995,0.11198,0.32109,0.029,0.006,Utilities
PODD,72.62391,30.883291,11.567754,6.4749384,32.738,0.18124,0.091239996,0.18665001,0.312,0.039,Healthcare
POOL,21.354454,19.376905,7.1768045,1.5935224,15.431,0.34241,0.07582,0.07259,0.062,0.021,Industrials
PPG,15.679191,12.453128,3.0527263,1.5062437,10.777,0.21077,0.09832,0.13537,0.067,0.042,Basic Materials
PPL,25.469387,17.749544,1.9210836,3.084512,13.241,0.076620005,0.12162,0.26619,0.084,0.489,Utilities
PRU,13.99589,6.4790735,1.113958,0.6242927,15.283,0.085,0.04538,0.09917,-0.083,2.234,Financial Services
PSA,30.349846,28.53572,10.537084,10.597645,19.361,0.20175,0.39061,0.46032003,0.032,0.328,Real Estate
PSKY,338.66666,10.2408,0.9292116,0.3901618,9.016,0.01279,-0.00947,0.10012,-0.004,,Communication Services
PSX,16.603336,11.403121,2.4701486,0.5374856,13.158,0.15427,0.03085,0.01709,0.085,-0.568,Energy
PTC,24.932453,17.468327,4.7280455,6.599419,17.12,0.2085,0.26795998,0.50643003,0.427,1.748,Technology
PWR,107.182625,47.30353,12.178824,3.8345487,40.089,0.12739,0.03611,0.05228,0.197,0.026,Industrials
PYPL,7.5841036,6.940955,1.86356,1.1816946,5.154,0.25732002,0.15775,0.18338,0.037,0.389,Financial Services
Q,38.773945,32.609184,2.3235524,4.5439816,16.903,,0.17256,0.21708,0.112,0.06,Technology
QCOM,19.309677,16.83333,8.359168,4.2748466,12.311,0.2148,0.11958,0.27473,0.05,-0.018,Technology
RCL,16.886044,13.255244,7.1063695,3.978509,13.581,0.47731,0.23797001,0.21977,0.133,0.371,Consumer Cyclical
REG,26.752577,30.657572,2.125191,9.03256,19.399,0.07683,0.32740003,0.38762,0.089,1.419,Real Estate
REGN,17.253782,13.014381,2.320908,4.968463,12.352,0.14548,0.29648,0.23479,0.19,-0.072,Healthcare
RF,12.230434,9.880854,1.3799362,3.4425232,,0.1165,0.30556,0.39203,0.065,0.052,Financial Services
RJF,14.487251,11.48539,2.4200265,2.03334,,0.17124,0.14622,0.19071,0.134,0.153,Financial Services
RL,27.170732,21.64449,8.641748,2.9446435,18.073,0.34005,0.112840004,0.14074999,0.165,0.437,Consumer Cyclical
RMD,21.148369,17.603428,4.927179,5.7700653,14.965,0.25676,0.27526,0.35162997,0.11,0.145,Healthcare
ROK,55.62745,31.227274,13.090221,5.735548,29.046,0.20282,0.104169995,0.19732,0.138,-0.412,Industrials
ROL,51.9266,40.51278,19.817926,7.0873766,33.0,0.38671002,0.13766,0.16051,0.102,0.013,Consumer Cyclical
ROP,22.073704,14.922959,1.8948452,4.4823885,14.815,0.09012,0.21123,0.27185,0.113,0.592,Technology
ROST,33.51482,26.563313,11.101179,3.0710616,21.415,0.36678,0.094289996,0.12269,0.122,0.115,Consumer Cyclical
RSG,32.81751,30.294521,5.776101,4.184888,15.99,0.18249,0.12768,0.19919,0.033,-0.022,Industrials
RTX,33.57678,23.793978,3.6887693,2.6718194,18.181,0.11571,0.080290005,0.13182001,0.087,0.325,Industrials
RVTY,50.402916,17.314495,1.6213051,4.219748,16.482,0.03216,0.08445,0.19031,0.059,0.125,Healthcare
SBAC,22.548418,27.70534,-4.81571,8.333871,20.983,,0.37427,0.52439,0.037,1.156,Real Estate
SBUX,80.40459,34.90858,-14.303369,3.1203434,26.496,,0.03888,0.084180005,0.088,0.326,Consumer Cyclical
SCHW,19.845161,13.2015085,3.8033218,6.518867,,0.1909,0.37986,0.49181998,0.158,0.386,Financial Services
SHW,30.835089,24.17039,17.225107,3.313926,20.258,0.60723,0.1086,0.14163,0.068,0.075,Basic Materials
SJM,,10.37391,1.803905,1.2460562,10.3,-0.17438,-0.13608,0.19118999,0.026,,Consumer Defensive
SLB,23.89362,16.810068,3.2159224,2.3604972,11.804,0.13904001,0.09449001,0.15988,0.05,-0.286,Energy
SMCI,26.582676,11.106175,3.1831038,0.95730543,18.906,0.12787,0.03766,0.03632,-0.155,-0.616,Technology
SNA,19.719646,17.749533,3.3088796,3.772991,14.137,0.18202,0.19601,0.24367,0.052,0.04,Industrials
SNDK,,9.280883,15.889836,18.125875,109.696,-0.09372,-0.11659,0.35504,0.612,6.18,Technology
SNPS,55.659237,26.425758,2.9491675,12.182057,72.017,0.0716,0.18886,0.053839996,0.378,-0.665,Technology
SO,24.668365,19.650997,3.0050652,3.6886373,12.922,0.11043,0.14689,0.12735,0.101,-0.221,Utilities
SOLV,9.296211,12.748551,2.8165438,1.6715126,13.848,0.37271,0.18139,0.07824,0.007,9.314,Healthcare
SPG,13.803104,27.573792,12.308999,11.605171,19.723,1.04109,0.72792,0.49780998,0.131,3.581,Real Estate
SPGI,27.275774,19.449219,4.1395564,8.114691,18.461,0.13939999,0.30361998,0.44282,0.104,0.325,Financial Services
SRE,26.63077,16.972485,1.8129072,4.12002,17.657,0.0677,0.15754,0.14503,0.135,-0.882,Utilities
STE,37.806866,23.729713,3.6987221,4.5644016,17.663,0.101339996,0.12073,0.18372999,0.099,0.286,Healthcare
STLD,21.824781,11.376521,2.8350785,1.4122313,14.301,0.13284001,0.06523,0.07028,0.14,0.35,Basic Materials
STT,15.487752,11.00785,1.6714554,2.9193695,,0.11078,0.21209998,0.27818,-0.028,-0.241,Financial Services
STX,63.852135,25.639961,320.17108,13.706853,41.78,17.8797,0.21599,0.35668,0.441,1.083,Technology
STZ,17.307291,13.443067,3.7360585,3.1650832,11.528,0.22636999,0.18456,0.26971,-0.113,-0.15,Consumer Defensive
SW,28.86466,12.318859,1.0910589,0.6455021,7.233,0.03911,0.02242,0.061739996,0.005,-0.33,Consumer Cyclical
SWK,32.032787,12.752447,1.3382875,0.80217236,10.573,0.04522,0.02656,0.10351,-0.01,-0.193,Industrials
SWKS,22.605366,11.811859,1.5239178,2.164526,8.356,0.0789,0.116739996,0.10235,0.073,1.545,Technology
SYF,7.9316773,7.32757,1.7124084,2.6923604,,0.2178,0.36393002,0.44307998,0.061,0.201,Financial Services
SYK,37.47087,18.820417,5.376361,4.8052964,19.119,0.15079,0.12923999,0.27235,0.114,0.559,Healthcare
SYY,20.752779,15.0070095,15.67233,0.4281703,10.697,0.81894994,0.02079,0.03787,0.047,-0.135,Consumer Defensive
T,8.618422,10.2887125,1.6681523,1.4457846,7.849,0.18370001,0.16938,0.21132,0.029,-0.122,Communication Services
TAP,,8.543233,0.7971204,0.7223282,5.845,-0.18172,-0.19205,0.13559,-0.027,-0.125,Consumer Defensive
TDG,40.642353,27.41727,-7.361477,7.8234115,23.681,,0.22239,0.45602,0.139,-0.131,Industrials
TDY,32.844555,25.014557,2.8495245,4.8260565,21.107,0.09049,0.14987001,0.19031,0.076,0.215,Technology
TECH,126.00001,30.764835,5.176343,8.595048,32.247,0.03966,0.06672,0.18406999,-0.004,0.091,Healthcare
TEL,21.905102,17.019539,4.85492,3.3692522,14.437,0.22719999,0.15543,0.20489,0.145,71.5,Technology
TER,99.26878,36.323315,19.176485,14.200096,41.359,0.2875,0.22553,0.3709,0.87,3.148,Technology
TFC,13.23822,9.9256315,1.059235,3.5110712,,0.08236,0.28803,0.32700002,0.032,0.108,Financial Services
TGT,14.589091,14.196175,3.371712,0.5219649,8.748,0.24034001,0.03536,0.04824,-0.015,-0.047,Consumer Defensive
TJX,34.473454,27.043587,18.488373,2.9403367,23.244,0.58396,0.086789995,0.12489,0.075,0.123,Consumer Cyclical
TKO,79.08779,54.34589,4.279165,6.687,24.06,0.08129,0.08989,0.15632,-0.273,0.65,Communication Services
TMO,25.80824,17.153818,3.3088422,3.8620763,18.966,0.13523,0.15151,0.17374,0.062,0.113,Healthcare
TMUS,20.77577,14.014899,3.6552987,2.3370266,9.997,0.18024999,0.116459996,0.21548,0.106,-0.12,Communication Services
TPL,50.869377,4.793353,17.663155,31.28213,36.324,0.3937,0.61676997,0.73521006,0.17,0.138,Energy
TPR,99.82825,20.804102,67.34037,3.7558124,18.567,0.16053,0.03765,0.21213,0.131,0.62,Consumer Cyclical
TRGP,25.748314,19.408136,15.143662,2.362602,12.582,0.4985,0.09949,0.2016,0.078,0.257,Energy
TRMB,37.00568,16.085928,2.6492841,4.320499,21.562,0.07322,0.118190005,0.21943001,-0.014,0.779,Technology
TROW,11.134199,10.795451,2.07052,3.0671158,7.1,0.18791,0.28533,0.32217,0.06,0.036,Financial Services
TRV,8.979403,10.586764,1.9889973,1.3069685,6.198,0.25272,0.15537,0.18744,0.01,3.576,Financial Services
TSCO,18.802956,16.360767,7.792977,1.2838296,13.672,0.45504,0.06909,0.06499,0.036,-0.081,Consumer Cyclical
TSLA,348.4259,142.72385,17.185003,14.439041,105.803,0.04901,0.03946,0.04203,0.158,0.083,Consumer Cyclical
TSN,116.07143,14.652047,1.2697793,0.41510463,11.61,0.012560001,0.0036300002,0.02913,0.051,-0.762,Consumer Defensive
TT,37.512566,29.206524,12.714975,5.1079626,26.062,0.36956,0.13688,0.15502,0.056,-0.005,Industrials
TTD,28.59091,12.217863,4.6896553,4.40845,17.737,0.16783,0.15717,0.21802999,0.177,0.211,Communication Services
TTWO,,25.81458,16.631596,5.964115,52.831,-0.86609,-0.64265,-0.054970004,0.311,,Communication Services
TXN,47.455482,30.687805,15.031731,13.678133,30.683,0.32347,0.29108,0.37824002,0.186,0.313,Technology
TXT,18.742188,13.153403,2.1240425,1.1288959,10.896,0.12242,0.062230002,0.074250005,0.156,0.744,Industrials
TYL,47.183956,24.039757,3.9727495,6.2872567,34.151,0.08901,0.13532,0.13159001,0.063,0.011,Technology
UAL,8.946078,6.46052,1.9314622,0.48994055,5.929,0.25726998,0.06061,0.04162,0.106,0.844,Industrials
UBER,9.025641,16.50781,5.464626,3.10732,31.601,0.72994006,0.33542,0.082650006,0.204,1.585,Technology
UDR,24.721088,60.566666,3.6759055,7.8229594,18.149,0.09378,0.21597,0.22202,0.015,0.976,Real Estate
UHS,7.0162907,6.5910416,1.4097356,0.5771957,5.65,0.21369,0.08563,0.111870006,0.096,0.177,Healthcare
ULTA,20.565067,16.97841,8.469212,1.9382843,16.019,0.43595,0.09308,0.12234,0.118,-0.054,Consumer Cyclical
UNH,26.81997,17.152582,3.413366,0.7194812,17.727,0.12538,0.02694,0.00336,0.123,-0.999,Healthcare
UNP,22.115229,19.657461,8.631823,6.4583545,15.272,0.40686,0.29202,0.39536998,0.032,0.062,Industrials
UPS,17.605179,13.728273,5.6924605,1.046734,9.526,0.33353,0.05943,0.06292,-0.016,-0.272,Industrials
URI,24.870087,18.372992,6.8556213,3.7301211,16.641,0.28237,0.15319,0.22936001,0.072,0.066,Industrials
USB,11.935011,10.134094,1.516637,3.322181,,0.123500004,0.29294002,0.37837002,0.046,0.148,Financial Services
V,28.706701,22.522423,16.46401,14.5825615,20.113,0.60349,0.51679003,0.67346,0.171,0.267,Financial Services
VICI,10.0,9.898305,1.1227316,7.791706,13.178,0.10217,0.69281,0.8031,0.038,-0.034,Real Estate
VLO,33.410053,13.660549,3.1825514,0.6514464,11.191,0.08299,0.02025,0.059299998,-0.021,3.179,Energy
VLTO,22.731956,19.044947,7.0559998,3.8724911,16.763,0.36498,0.17325,0.23768999,0.068,0.133,Industrials
VMC,35.751186,28.178694,4.6225257,4.951042,18.796,0.12972,0.13559,0.17536,0.032,-0.138,Basic Materials
VRSK,28.08067,21.351454,82.6198,7.790443,19.069,4.3794603,0.2934,0.45004,0.039,0.048,Industrials
VRSN,29.713024,25.271776,-11.484152,14.806439,23.098,,0.49842998,0.66963995,0.076,0.118,Technology
VRT,81.067665,39.767437,31.394737,11.458014,52.131,0.45097,0.14372,0.16364999,0.301,1.357,Industrials
VRTX,32.122223,22.298454,7.206622,10.748537,24.095,0.22307,0.31349,0.40268,0.11,0.047,Healthcare
VST,58.52518,17.296772,20.153599,3.2078583,14.142,0.1731,0.06701,0.21042,-0.209,-0.667,Utilities
VTR,158.85455,91.32721,3.2358062,6.94771,24.78,0.0214,0.042600002,0.12052,0.219,0.174,Real Estate
VTRS,,5.36756,1.0085313,1.0821801,7.094,-0.21087,-0.26134002,0.107609995,0.002,,Healthcare
VZ,11.368293,8.861588,1.8817117,1.3988427,7.634,0.17198,0.12462,0.23931,0.029,0.043,Communication Services
WAB,37.827194,22.136919,4.089051,3.9379535,20.7,0.11305001,0.10515001,0.18983,0.13,0.128,Industrials
WAT,30.594795,20.282776,7.6535,10.20163,18.072,0.29279,0.20302,0.3393,0.068,-0.029,Healthcare
WBD,149.57895,-146.02066,1.9544735,1.8611048,13.042,0.00969,0.01281,0.087340005,-0.06,,Communication Services
WDAY,56.181435,10.657508,3.9589093,3.8512673,25.786,0.073359996,0.06955,0.10855,0.126,0.306,Technology
WDC,41.1088,29.741823,20.775518,13.840328,41.981,0.41126,0.35644,0.31919,0.252,1.896,Technology
WEC,20.59659,19.455324,2.607226,3.7053528,15.174,0.12807,0.17748,0.22163,0.129,0.093,Utilities
WELL,104.49039,66.06079,3.5931687,13.015919,55.587,0.03665,0.119619995,0.18039,0.383,1.626,Real Estate
WFC,13.051117,10.296429,1.5358875,3.149591,,0.11732,0.26659,0.29938,0.05,0.131,Financial Services
WM,33.654125,25.144073,9.379664,3.6908567,15.093,0.29936,0.10994001,0.17793,0.035,0.133,Industrials
WMB,33.233646,27.953228,6.9609475,7.498971,18.167,0.16902,0.20462999,0.39554,0.083,-0.085,Energy
WMT,41.44581,39.905132,9.833666,1.3442105,23.777,0.23661,0.03259,0.0373,0.058,0.352,Consumer Defensive
WRB,14.502119,14.1539955,2.6612494,1.7260963,9.449,0.19600001,0.12639,0.17093,0.04,0.26,Financial Services
WSM,20.297686,18.187153,10.718444,2.777838,13.149,0.56918997,0.14297,0.16950001,0.046,0.048,Consumer Cyclical
WST,40.875835,32.514385,6.9406724,7.0611706,26.96,0.16855,0.16059999,0.2164,0.075,0.021,Healthcare
WTW,15.766154,11.46768,3.0541086,2.4951239,11.894,0.20076,0.16533001,0.35388002,-0.033,-0.382,Financial Services
WY,54.48889,36.077923,1.8743312,2.5604587,32.2,0.03384,0.046919998,-0.114209995,-0.098,-0.091,Real Estate
WYNN,36.111465,18.903973,-31.549805,1.6580415,11.275,,0.07092,0.16931999,0.083,,Consumer Cyclical
XEL,24.254385,18.309116,2.1910245,3.5295012,14.21,0.09358,0.13757,0.16680999,0.141,0.208,Utilities
XOM,19.260174,18.903858,2.1446605,1.731591,9.715,0.11424,0.091809995,0.11057,-0.051,-0.083,Energy
XYL,29.393036,19.402203,2.507108,3.089414,15.136,0.08724,0.10791001,0.12894,0.027,0.145,Industrials
XYZ,13.109658,19.966965,1.7636628,1.6565775,22.863,0.14692001,0.13081001,0.06871,0.023,0.644,Technology
YUM,25.75,21.343098,-6.0372863,5.3727865,19.472,,0.1898,0.31928,0.065,0.277,Consumer Cyclical
ZBH,21.354923,9.165813,1.2674909,1.8974564,8.803,0.060650002,0.09052,0.19572,0.093,0.341,Healthcare
ZBRA,32.38923,13.252323,3.657549,2.4934478,16.376,0.116809994,0.077649996,0.15051,0.106,-0.557,Technology
ZTS,21.321548,16.878902,10.358224,5.9289308,15.116,0.52577,0.28235,0.34604,0.03,0.063,Healthcare
